yearOfRegistration,Datasource,gender,ageBroad,majorityStatus,majorityStatusAtExploit,majorityEntry,citizenship,meansOfControlDebtBondage,meansOfControlTakesEarnings,meansOfControlRestrictsFinancialAccess,meansOfControlThreats,meansOfControlPsychologicalAbuse,meansOfControlPhysicalAbuse,meansOfControlSexualAbuse,meansOfControlFalsePromises,meansOfControlPsychoactiveSubstances,meansOfControlRestrictsMovement,meansOfControlRestrictsMedicalCare,meansOfControlExcessiveWorkingHours,meansOfControlUsesChildren,meansOfControlThreatOfLawEnforcement,meansOfControlWithholdsNecessities,meansOfControlWithholdsDocuments,meansOfControlOther,meansOfControlNotSpecified,meansOfControlConcatenated,isForcedLabour,isSexualExploit,isOtherExploit,isSexAndLabour,isForcedMarriage,isForcedMilitary,isOrganRemoval,isSlaveryAndPractices,typeOfExploitConcatenated,typeOfLabourAgriculture,typeOfLabourAquafarming,typeOfLabourBegging,typeOfLabourConstruction,typeOfLabourDomesticWork,typeOfLabourHospitality,typeOfLabourIllicitActivities,typeOfLabourManufacturing,typeOfLabourMiningOrDrilling,typeOfLabourPeddling,typeOfLabourTransportation,typeOfLabourOther,typeOfLabourNotSpecified,typeOfLabourConcatenated,typeOfSexProstitution,typeOfSexPornography,typeOfSexRemoteInteractiveServices,typeOfSexPrivateSexualServices,typeOfSexConcatenated,isAbduction,RecruiterRelationship,CountryOfExploitation,recruiterRelationIntimatePartner,recruiterRelationFriend,recruiterRelationFamily,recruiterRelationOther,recruiterRelationUnknown,record_id,Entity,Code,Year,"16.2.2 - Detected victims of human trafficking, by age and sex (number) - VC_HTF_DETV - under 18 years old - Female"
2002,Case Management,Female,18--20,Adult,,,CO,,,,,,,,,,,,,,,,,,1.0,,0.0,1.0,0.0,0.0,,0.0,0.0,,Sexual exploitation,,,,,,,,,,,,,,,,,,,,,,,0.0,0.0,0.0,0.0,1.0,0,Algeria,DZA,2016,7
2002,Case Management,Female,18--20,Adult,,,MD,,,,,,,,,,,,,,,,,,1.0,,0.0,0.0,0.0,0.0,0.0,0.0,0.0,,,0.0,0.0,0.0,0.0,0.0,0.0,0.0,0.0,0.0,0.0,0.0,0.0,0.0,,0.0,,,,,0.0,,,0.0,0.0,0.0,0.0,1.0,1,Angola,AGO,2017,12
2002,Case Management,Female,18--20,Adult,,,MD,,,,,,,,,,,,,,,,,,1.0,,0.0,1.0,0.0,0.0,0.0,0.0,0.0,,Sexual exploitation,0.0,0.0,0.0,0.0,0.0,0.0,0.0,0.0,0.0,0.0,0.0,0.0,0.0,,0.0,,,,,0.0,,,0.0,0.0,0.0,0.0,1.0,2,Angola,AGO,2018,5
2002,Case Management,Female,18--20,Adult,,,MD,,,,,,,,,,,,,,,,,,1.0,,0.0,1.0,0.0,0.0,0.0,0.0,0.0,,Sexual exploitation,0.0,0.0,0.0,0.0,0.0,0.0,0.0,0.0,0.0,0.0,0.0,0.0,0.0,,0.0,,,,,0.0,,RS,0.0,0.0,0.0,0.0,1.0,3,Angola,AGO,2019,5
2002,Case Management,Female,18--20,Adult,,,MD,,,,,,,,,,,,,,,,,,1.0,,,,,,,,,,,0.0,0.0,0.0,0.0,0.0,0.0,0.0,0.0,0.0,0.0,0.0,0.0,0.0,,0.0,,,,,0.0,,,0.0,0.0,0.0,0.0,1.0,4,Argentina,ARG,2010,7
2002,Case Management,Female,18--20,Adult,,,RO,,,,,,,,,,,,,,,,,,1.0,,0.0,1.0,0.0,0.0,0.0,0.0,0.0,,Sexual exploitation,0.0,0.0,0.0,0.0,0.0,0.0,0.0,0.0,0.0,0.0,0.0,0.0,0.0,,0.0,,,,,0.0,,BA,0.0,0.0,0.0,0.0,1.0,5,Argentina,ARG,2011,11
2002,Case Management,Female,18--20,Adult,,,RO,,,,,,,,,,,,,,,,,,1.0,,0.0,1.0,0.0,0.0,0.0,0.0,0.0,,Sexual exploitation,0.0,0.0,0.0,0.0,0.0,0.0,0.0,0.0,0.0,0.0,0.0,0.0,0.0,,0.0,,,,,0.0,,MK,0.0,0.0,0.0,0.0,1.0,6,Argentina,ARG,2012,5
2002,Case Management,Female,18--20,Adult,,,RO,,,,,,,,,,,,,,,,,,1.0,,0.0,1.0,0.0,0.0,0.0,0.0,0.0,,Sexual exploitation,0.0,0.0,0.0,0.0,0.0,0.0,0.0,0.0,0.0,0.0,0.0,0.0,0.0,,0.0,,,,,0.0,,RS,0.0,0.0,0.0,0.0,1.0,7,Argentina,ARG,2013,10
2002,Case Management,Female,18--20,Adult,,,RO,,,,,,,,,,,,,,,,,,1.0,,,,,,,,,,,0.0,0.0,0.0,0.0,0.0,0.0,0.0,0.0,0.0,0.0,0.0,0.0,0.0,,0.0,,,,,0.0,,,0.0,0.0,0.0,0.0,1.0,8,Argentina,ARG,2014,6
2002,Case Management,Female,21--23,Adult,,,MD,,,,,,,,,,,,,,,,,,1.0,,0.0,0.0,0.0,0.0,0.0,0.0,0.0,,,0.0,0.0,0.0,0.0,0.0,0.0,0.0,0.0,0.0,0.0,0.0,0.0,0.0,,0.0,,,,,0.0,,,0.0,0.0,0.0,0.0,1.0,9,Argentina,ARG,2015,13
2002,Case Management,Female,21--23,Adult,,,MD,,,,,,,,,,,,,,,,,,1.0,,0.0,1.0,0.0,0.0,0.0,0.0,0.0,,Sexual exploitation,0.0,0.0,0.0,0.0,0.0,0.0,0.0,0.0,0.0,0.0,0.0,0.0,0.0,,0.0,,,,,0.0,,,0.0,0.0,0.0,0.0,1.0,10,Argentina,ARG,2016,12
2002,Case Management,Female,21--23,Adult,,,MD,,,,,,,,,,,,,,,,,,1.0,,0.0,1.0,0.0,0.0,0.0,0.0,0.0,,Sexual exploitation,0.0,0.0,0.0,0.0,0.0,0.0,0.0,0.0,0.0,0.0,0.0,0.0,0.0,,0.0,,,,,0.0,,RS,0.0,0.0,0.0,0.0,1.0,11,Argentina,ARG,2017,21
2002,Case Management,Female,21--23,Adult,,,MD,,,,,,,,,,,,,,,,,,1.0,,,,,,,,,,,0.0,0.0,0.0,0.0,0.0,0.0,0.0,0.0,0.0,0.0,0.0,0.0,0.0,,0.0,,,,,0.0,,,0.0,0.0,0.0,0.0,1.0,12,Argentina,ARG,2018,15
2002,Case Management,Female,21--23,Adult,,,RO,,,,,,,,,,,,,,,,,,1.0,,0.0,1.0,0.0,0.0,0.0,0.0,0.0,,Sexual exploitation,0.0,0.0,0.0,0.0,0.0,0.0,0.0,0.0,0.0,0.0,0.0,0.0,0.0,,0.0,,,,,0.0,,BA,0.0,0.0,0.0,0.0,1.0,13,Argentina,ARG,2019,31
2002,Case Management,Female,21--23,Adult,,,RO,,,,,,,,,,,,,,,,,,1.0,,0.0,1.0,0.0,0.0,0.0,0.0,0.0,,Sexual exploitation,0.0,0.0,0.0,0.0,0.0,0.0,0.0,0.0,0.0,0.0,0.0,0.0,0.0,,0.0,,,,,0.0,,MK,0.0,0.0,0.0,0.0,1.0,14,Argentina,ARG,2020,24
2002,Case Management,Female,21--23,Adult,,,RO,,,,,,,,,,,,,,,,,,1.0,,0.0,1.0,0.0,0.0,0.0,0.0,0.0,,Sexual exploitation,0.0,0.0,0.0,0.0,0.0,0.0,0.0,0.0,0.0,0.0,0.0,0.0,0.0,,0.0,,,,,0.0,,RS,0.0,0.0,0.0,0.0,1.0,15,Argentina,ARG,2021,55
2002,Case Management,Female,21--23,Adult,,,RO,,,,,,,,,,,,,,,,,,1.0,,,,,,,,,,,0.0,0.0,0.0,0.0,0.0,0.0,0.0,0.0,0.0,0.0,0.0,0.0,0.0,,0.0,,,,,0.0,,,0.0,0.0,0.0,0.0,1.0,16,Argentina,ARG,2022,21
2002,Case Management,Female,21--23,Adult,,,UA,,,,,,,,,,,,,,,,,,1.0,,0.0,1.0,0.0,0.0,0.0,0.0,0.0,,Sexual exploitation,0.0,0.0,0.0,0.0,0.0,0.0,0.0,0.0,0.0,0.0,0.0,0.0,0.0,,0.0,,,,,0.0,,MK,0.0,0.0,0.0,0.0,1.0,17,Armenia,ARM,2009,5
2002,Case Management,Female,21--23,Adult,,,UA,,,,,,,,,,,,,,,,,,1.0,,0.0,1.0,0.0,0.0,0.0,0.0,0.0,,Sexual exploitation,0.0,0.0,0.0,0.0,0.0,0.0,0.0,0.0,0.0,0.0,0.0,0.0,0.0,,0.0,,,,,0.0,,RS,0.0,0.0,0.0,0.0,1.0,18,Austria,AUT,2015,7
2002,Case Management,Female,21--23,Adult,,,UA,,,,,,,,,,,,,,,,,,1.0,,,,,,,,,,,0.0,0.0,0.0,0.0,0.0,0.0,0.0,0.0,0.0,0.0,0.0,0.0,0.0,,0.0,,,,,0.0,,,0.0,0.0,0.0,0.0,1.0,19,Austria,AUT,2017,5
2002,Case Management,Female,24--26,Adult,,,CO,,,,,,,,,,,,,,,,,,1.0,,0.0,1.0,0.0,0.0,,0.0,0.0,,Sexual exploitation,,,,,,,,,,,,,,,,,,,,,,,0.0,0.0,0.0,0.0,1.0,20,Austria,AUT,2019,6
2002,Case Management,Female,24--26,Adult,,,MD,,,,,,,,,,,,,,,,,,1.0,,0.0,0.0,0.0,0.0,0.0,0.0,0.0,,,0.0,0.0,0.0,0.0,0.0,0.0,0.0,0.0,0.0,0.0,0.0,0.0,0.0,,0.0,,,,,0.0,,,0.0,0.0,0.0,0.0,1.0,21,Bangladesh,BGD,2022,45
2002,Case Management,Female,24--26,Adult,,,MD,,,,,,,,,,,,,,,,,,1.0,,0.0,1.0,0.0,0.0,0.0,0.0,0.0,,Sexual exploitation,0.0,0.0,0.0,0.0,0.0,0.0,0.0,0.0,0.0,0.0,0.0,0.0,0.0,,0.0,,,,,0.0,,,0.0,0.0,0.0,0.0,1.0,22,Belarus,BLR,2008,61
2002,Case Management,Female,24--26,Adult,,,MD,,,,,,,,,,,,,,,,,,1.0,,0.0,1.0,0.0,0.0,0.0,0.0,0.0,,Sexual exploitation,0.0,0.0,0.0,0.0,0.0,0.0,0.0,0.0,0.0,0.0,0.0,0.0,0.0,,0.0,,,,,0.0,,RS,0.0,0.0,0.0,0.0,1.0,23,Belarus,BLR,2012,5
2002,Case Management,Female,24--26,Adult,,,MD,,,,,,,,,,,,,,,,,,1.0,,,,,,,,,,,0.0,0.0,0.0,0.0,0.0,0.0,0.0,0.0,0.0,0.0,0.0,0.0,0.0,,0.0,,,,,0.0,,,0.0,0.0,0.0,0.0,1.0,24,Belarus,BLR,2016,7
2002,Case Management,Female,24--26,Adult,,,RO,,,,,,,,,,,,,,,,,,1.0,,0.0,1.0,0.0,0.0,0.0,0.0,0.0,,Sexual exploitation,0.0,0.0,0.0,0.0,0.0,0.0,0.0,0.0,0.0,0.0,0.0,0.0,0.0,,0.0,,,,,0.0,,MK,0.0,0.0,0.0,0.0,1.0,25,Belarus,BLR,2017,7
2002,Case Management,Female,24--26,Adult,,,UA,,,,,,,,,,,,,,,,,,1.0,,0.0,1.0,0.0,0.0,0.0,0.0,0.0,,Sexual exploitation,0.0,0.0,0.0,0.0,0.0,0.0,0.0,0.0,0.0,0.0,0.0,0.0,0.0,,0.0,,,,,0.0,,RS,0.0,0.0,0.0,0.0,1.0,26,Belarus,BLR,2018,17
2002,Case Management,Female,27--29,Adult,,,MD,,,,,,,,,,,,,,,,,,1.0,,0.0,1.0,0.0,0.0,0.0,0.0,0.0,,Sexual exploitation,0.0,0.0,0.0,0.0,0.0,0.0,0.0,0.0,0.0,0.0,0.0,0.0,0.0,,0.0,,,,,0.0,,,0.0,0.0,0.0,0.0,1.0,27,Belarus,BLR,2019,10
2002,Case Management,Female,27--29,Adult,,,MD,,,,,,,,,,,,,,,,,,1.0,,0.0,1.0,0.0,0.0,0.0,0.0,0.0,,Sexual exploitation,0.0,0.0,0.0,0.0,0.0,0.0,0.0,0.0,0.0,0.0,0.0,0.0,0.0,,0.0,,,,,0.0,,RS,0.0,0.0,0.0,0.0,1.0,28,Belarus,BLR,2021,19
2002,Case Management,Female,27--29,Adult,,,UA,,,,,,,,,,,,,,,,,,1.0,,0.0,1.0,0.0,0.0,0.0,0.0,0.0,,Sexual exploitation,0.0,0.0,0.0,0.0,0.0,0.0,0.0,0.0,0.0,0.0,0.0,0.0,0.0,,0.0,,,,,0.0,,MK,0.0,0.0,0.0,0.0,1.0,29,Belarus,BLR,2022,19
2002,Case Management,Female,30--38,Adult,,,CO,,,,,,,,,,,,,,,,,,1.0,,0.0,1.0,0.0,0.0,,0.0,0.0,,Sexual exploitation,,,,,,,,,,,,,,,,,,,,,,,0.0,0.0,0.0,0.0,1.0,30,Belgium,BEL,2021,6
2002,Case Management,Female,30--38,Adult,,,MD,,,,,,,,,,,,,,,,,,1.0,,0.0,1.0,0.0,0.0,0.0,0.0,0.0,,Sexual exploitation,0.0,0.0,0.0,0.0,0.0,0.0,0.0,0.0,0.0,0.0,0.0,0.0,0.0,,0.0,,,,,0.0,,,0.0,0.0,0.0,0.0,1.0,31,Belgium,BEL,2022,11
2002,Case Management,Female,30--38,Adult,,,MD,,,,,,,,,,,,,,,,,,1.0,,0.0,1.0,0.0,0.0,0.0,0.0,0.0,,Sexual exploitation,0.0,0.0,0.0,0.0,0.0,0.0,0.0,0.0,0.0,0.0,0.0,0.0,0.0,,0.0,,,,,0.0,,RS,0.0,0.0,0.0,0.0,1.0,32,Benin,BEN,2017,174
2002,Case Management,Female,30--38,Adult,,,UA,,,,,,,,,,,,,,,,,,1.0,,0.0,1.0,0.0,0.0,0.0,0.0,0.0,,Sexual exploitation,0.0,0.0,0.0,0.0,0.0,0.0,0.0,0.0,0.0,0.0,0.0,0.0,0.0,,0.0,,,,,0.0,,MK,0.0,0.0,0.0,0.0,1.0,33,Benin,BEN,2019,279
2002,Case Management,Female,9--17,Minor,,,RO,,,,,,,,,,,,,,,,,,1.0,,0.0,1.0,0.0,0.0,0.0,0.0,0.0,,Sexual exploitation,0.0,0.0,0.0,0.0,0.0,0.0,0.0,0.0,0.0,0.0,0.0,0.0,0.0,,0.0,,,,,0.0,,MK,0.0,0.0,0.0,0.0,1.0,34,Benin,BEN,2020,593
2002,Case Management,Female,9--17,Minor,,,RO,,,,,,,,,,,,,,,,,,1.0,,0.0,1.0,0.0,0.0,0.0,0.0,0.0,,Sexual exploitation,0.0,0.0,0.0,0.0,0.0,0.0,0.0,0.0,0.0,0.0,0.0,0.0,0.0,,0.0,,,,,0.0,,RS,0.0,0.0,0.0,0.0,1.0,35,Benin,BEN,2021,900
2002,Case Management,Female,,,,,CO,,,,,,,,,,,,,,,,,,1.0,,0.0,1.0,0.0,0.0,,0.0,0.0,,Sexual exploitation,,,,,,,,,,,,,,,,,,,,,,,0.0,0.0,0.0,0.0,1.0,36,Benin,BEN,2022,675
2003,Case Management,Female,18--20,Adult,,,MD,,,,,,,,,,,,,,,,,,1.0,,0.0,1.0,0.0,0.0,0.0,0.0,0.0,,Sexual exploitation,0.0,0.0,0.0,0.0,0.0,0.0,0.0,0.0,0.0,0.0,0.0,0.0,0.0,,0.0,,,,,0.0,,,0.0,0.0,0.0,0.0,1.0,37,Bolivia,BOL,2009,7
2003,Case Management,Female,18--20,Adult,,,RO,,,,,,,,,,,,,,,,,,1.0,,0.0,1.0,0.0,0.0,0.0,0.0,0.0,,Sexual exploitation,0.0,0.0,0.0,0.0,0.0,0.0,0.0,0.0,0.0,0.0,0.0,0.0,0.0,,0.0,,,,,0.0,,MK,0.0,0.0,0.0,0.0,1.0,38,Bolivia,BOL,2012,58
2003,Case Management,Female,21--23,Adult,,,MD,,,,,,,,,,,,,,,,,,1.0,,0.0,1.0,0.0,0.0,0.0,0.0,0.0,,Sexual exploitation,0.0,0.0,0.0,0.0,0.0,0.0,0.0,0.0,0.0,0.0,0.0,0.0,0.0,,0.0,,,,,0.0,,,0.0,0.0,0.0,0.0,1.0,39,Bolivia,BOL,2013,28
2003,Case Management,Female,21--23,Adult,,,RO,,,,,,,,,,,,,,,,,,1.0,,0.0,1.0,0.0,0.0,0.0,0.0,0.0,,Sexual exploitation,0.0,0.0,0.0,0.0,0.0,0.0,0.0,0.0,0.0,0.0,0.0,0.0,0.0,,0.0,,,,,0.0,,BA,0.0,0.0,0.0,0.0,1.0,40,Bolivia,BOL,2014,23
2003,Case Management,Female,21--23,Adult,,,RO,,,,,,,,,,,,,,,,,,1.0,,0.0,1.0,0.0,0.0,0.0,0.0,0.0,,Sexual exploitation,,,,,,,,,,,,,,,,,,,,,,BA,0.0,0.0,0.0,0.0,1.0,41,Bolivia,BOL,2015,22
2003,Case Management,Female,24--26,Adult,,,MD,,,,,,,,,,,,,,,,,,1.0,,0.0,1.0,0.0,0.0,0.0,0.0,0.0,,Sexual exploitation,0.0,0.0,0.0,0.0,0.0,0.0,0.0,0.0,0.0,0.0,0.0,0.0,0.0,,0.0,,,,,0.0,,,0.0,0.0,0.0,0.0,1.0,42,Bolivia,BOL,2016,28
2003,Case Management,Female,24--26,Adult,,,RO,,,,,,,,,,,,,,,,,,1.0,,0.0,1.0,0.0,0.0,0.0,0.0,0.0,,Sexual exploitation,0.0,0.0,0.0,0.0,0.0,0.0,0.0,0.0,0.0,0.0,0.0,0.0,0.0,,0.0,,,,,0.0,,BA,0.0,0.0,0.0,0.0,1.0,43,Bolivia,BOL,2017,141
2003,Case Management,Female,24--26,Adult,,,RO,,,,,,,,,,,,,,,,,,1.0,,0.0,1.0,0.0,0.0,0.0,0.0,0.0,,Sexual exploitation,,,,,,,,,,,,,,,,,,,,,,BA,0.0,0.0,0.0,0.0,1.0,44,Bolivia,BOL,2018,105
2003,Case Management,Female,24--26,Adult,,,UA,,,,,,,,,,,,,,,,,,1.0,,0.0,1.0,0.0,0.0,0.0,0.0,0.0,,Sexual exploitation,0.0,0.0,0.0,0.0,0.0,0.0,0.0,0.0,0.0,0.0,0.0,0.0,0.0,,0.0,,,,,0.0,,BA,0.0,0.0,0.0,0.0,1.0,45,Bolivia,BOL,2019,37
2003,Case Management,Female,27--29,Adult,,,MD,,,,,,,,,,,,,,,,,,1.0,,0.0,1.0,0.0,0.0,0.0,0.0,0.0,,Sexual exploitation,0.0,0.0,0.0,0.0,0.0,0.0,0.0,0.0,0.0,0.0,0.0,0.0,0.0,,0.0,,,,,0.0,,,0.0,0.0,0.0,0.0,1.0,46,Bolivia,BOL,2020,32
2003,Case Management,Female,30--38,Adult,,,MD,,,,,,,,,,,,,,,,,,1.0,,0.0,1.0,0.0,0.0,0.0,0.0,0.0,,Sexual exploitation,0.0,0.0,0.0,0.0,0.0,0.0,0.0,0.0,0.0,0.0,0.0,0.0,0.0,,0.0,,,,,0.0,,,0.0,0.0,0.0,0.0,1.0,47,Bolivia,BOL,2021,47
2003,Case Management,Female,,,,,CO,,,,,,,,,,,,,,,,,,1.0,,0.0,1.0,0.0,0.0,,0.0,0.0,,Sexual exploitation,,,,,,,,,,,,,,,,,,,,,,,0.0,0.0,0.0,0.0,1.0,48,Bolivia,BOL,2022,35
2003,Case Management,Male,,,,,CO,,,,,,,,,,,,,,,,,,1.0,,0.0,1.0,0.0,0.0,,0.0,0.0,,Sexual exploitation,,,,,,,,,,,,,,,,,,,,,,,0.0,0.0,0.0,0.0,1.0,49,Bosnia and Herzegovina,BIH,2011,7
2004,Case Management,Female,18--20,Adult,,,BY,,,,,,,,,,,,,,,,,,1.0,,0.0,1.0,0.0,0.0,0.0,0.0,0.0,,Sexual exploitation,0.0,0.0,0.0,0.0,0.0,0.0,0.0,0.0,0.0,0.0,0.0,0.0,0.0,,0.0,,,,,0.0,,RU,0.0,0.0,0.0,0.0,1.0,50,Bosnia and Herzegovina,BIH,2014,13
2004,Case Management,Female,18--20,Adult,,,MD,,,,,,,,,,,,,,,,,,1.0,,0.0,0.0,0.0,0.0,0.0,0.0,0.0,,,0.0,0.0,0.0,0.0,0.0,0.0,0.0,0.0,0.0,0.0,0.0,0.0,0.0,,0.0,,,,,0.0,,MD,0.0,0.0,0.0,0.0,1.0,51,Bosnia and Herzegovina,BIH,2021,22
2004,Case Management,Female,18--20,Adult,,,MD,,,,,,,,,,,,,,,,,,1.0,,0.0,1.0,0.0,0.0,0.0,0.0,0.0,,Sexual exploitation,0.0,0.0,0.0,0.0,0.0,0.0,0.0,0.0,0.0,0.0,0.0,0.0,0.0,,0.0,,,,,0.0,,,0.0,0.0,0.0,0.0,1.0,52,Brazil,BRA,2018,5
2004,Case Management,Female,18--20,Adult,,,MD,,,,,,,,,,,,,,,,,,1.0,,0.0,1.0,0.0,0.0,0.0,0.0,0.0,,Sexual exploitation,0.0,0.0,0.0,0.0,0.0,0.0,0.0,0.0,0.0,0.0,0.0,0.0,0.0,,0.0,,,,,0.0,,MD,0.0,0.0,0.0,0.0,1.0,53,Brazil,BRA,2019,17
2004,Case Management,Female,21--23,Adult,,,BY,,,,,,,,,,,,,,,,,,1.0,,0.0,1.0,0.0,0.0,0.0,0.0,0.0,,Sexual exploitation,0.0,0.0,0.0,0.0,0.0,0.0,0.0,0.0,0.0,0.0,0.0,0.0,0.0,,0.0,,,,,0.0,,AE,0.0,0.0,0.0,0.0,1.0,54,Brazil,BRA,2021,6
2004,Case Management,Female,21--23,Adult,,,BY,,,,,,,,,,,,,,,,,,1.0,,0.0,1.0,0.0,0.0,0.0,0.0,0.0,,Sexual exploitation,0.0,0.0,0.0,0.0,0.0,0.0,0.0,0.0,0.0,0.0,0.0,0.0,0.0,,0.0,,,,,0.0,,CY,0.0,0.0,0.0,0.0,1.0,55,Brazil,BRA,2022,43
2004,Case Management,Female,21--23,Adult,,,MD,,,,,,,,,,,,,,,,,,1.0,,0.0,0.0,0.0,0.0,0.0,0.0,0.0,,,0.0,0.0,0.0,0.0,0.0,0.0,0.0,0.0,0.0,0.0,0.0,0.0,0.0,,0.0,,,,,0.0,,MD,0.0,0.0,0.0,0.0,1.0,56,Bulgaria,BGR,2011,10
2004,Case Management,Female,21--23,Adult,,,MD,,,,,,,,,,,,,,,,,,1.0,,0.0,1.0,0.0,0.0,0.0,0.0,0.0,,Sexual exploitation,0.0,0.0,0.0,0.0,0.0,0.0,0.0,0.0,0.0,0.0,0.0,0.0,0.0,,0.0,,,,,0.0,,,0.0,0.0,0.0,0.0,1.0,57,Bulgaria,BGR,2012,11
2004,Case Management,Female,21--23,Adult,,,MD,,,,,,,,,,,,,,,,,,1.0,,0.0,1.0,0.0,0.0,0.0,0.0,0.0,,Sexual exploitation,0.0,0.0,0.0,0.0,0.0,0.0,0.0,0.0,0.0,0.0,0.0,0.0,0.0,,0.0,,,,,0.0,,MD,0.0,0.0,0.0,0.0,1.0,58,Bulgaria,BGR,2013,17
2004,Case Management,Female,24--26,Adult,,,MD,,,,,,,,,,,,,,,,,,1.0,,0.0,0.0,0.0,0.0,0.0,0.0,0.0,,,0.0,0.0,0.0,0.0,0.0,0.0,0.0,0.0,0.0,0.0,0.0,0.0,0.0,,0.0,,,,,0.0,,MD,0.0,0.0,0.0,0.0,1.0,59,Bulgaria,BGR,2014,12
2004,Case Management,Female,24--26,Adult,,,MD,,,,,,,,,,,,,,,,,,1.0,,0.0,1.0,0.0,0.0,0.0,0.0,0.0,,Sexual exploitation,0.0,0.0,0.0,0.0,0.0,0.0,0.0,0.0,0.0,0.0,0.0,0.0,0.0,,0.0,,,,,0.0,,MD,0.0,0.0,0.0,0.0,1.0,60,Bulgaria,BGR,2017,5
2004,Case Management,Female,9--17,Minor,,,BY,,,,,,,,,,,,,,,,,,1.0,,0.0,1.0,0.0,0.0,0.0,0.0,0.0,,Sexual exploitation,0.0,0.0,0.0,0.0,0.0,0.0,0.0,0.0,0.0,0.0,0.0,0.0,0.0,,0.0,,,,,0.0,,RU,0.0,0.0,0.0,0.0,1.0,61,Bulgaria,BGR,2020,27
2004,Case Management,Female,9--17,Minor,,,MD,,,,,,,,,,,,,,,,,,1.0,,0.0,0.0,0.0,0.0,0.0,0.0,0.0,,,0.0,0.0,0.0,0.0,0.0,0.0,0.0,0.0,0.0,0.0,0.0,0.0,0.0,,0.0,,,,,0.0,,MD,0.0,0.0,0.0,0.0,1.0,62,Bulgaria,BGR,2021,9
2005,Case Management,Female,0--8,Minor,,,GH,,,,,,,,,,,,,,,,,,1.0,,1.0,0.0,0.0,0.0,0.0,0.0,0.0,,Forced labour,0.0,0.0,0.0,0.0,0.0,0.0,0.0,0.0,0.0,0.0,0.0,0.0,0.0,,0.0,,,,,0.0,,GH,0.0,0.0,0.0,0.0,1.0,63,Bulgaria,BGR,2022,9
2005,Case Management,Female,0--8,Minor,,,GH,,,,,,,,,,,,,,,,,,1.0,,1.0,0.0,0.0,0.0,0.0,0.0,0.0,,Forced labour,0.0,0.0,0.0,0.0,0.0,0.0,0.0,0.0,0.0,0.0,0.0,0.0,1.0,Not specified,0.0,,,,,0.0,,GH,0.0,0.0,0.0,0.0,1.0,64,Burkina Faso,BFA,2007,289
2005,Case Management,Female,0--8,Minor,,,GH,,,,,,,,,,,,,,,,,,1.0,,1.0,0.0,0.0,0.0,0.0,0.0,0.0,,Forced labour,0.0,0.0,0.0,0.0,0.0,0.0,0.0,0.0,0.0,0.0,0.0,1.0,1.0,Other;Not specified,0.0,,,,,0.0,,GH,0.0,0.0,0.0,0.0,1.0,65,Burkina Faso,BFA,2008,161
2005,Case Management,Female,0--8,Minor,,,GH,,,,,,,,,,,,,,,,,,1.0,,1.0,0.0,0.0,0.0,0.0,0.0,0.0,,,0.0,0.0,0.0,0.0,0.0,0.0,0.0,0.0,0.0,0.0,0.0,0.0,1.0,Not specified,0.0,,,,,0.0,,GH,0.0,0.0,0.0,0.0,1.0,66,Burkina Faso,BFA,2009,603
2005,Case Management,Female,18--20,Adult,,,AL,,,,,,,,,,,,,,,,,,1.0,,0.0,0.0,0.0,0.0,0.0,0.0,0.0,,,0.0,0.0,0.0,0.0,0.0,0.0,0.0,0.0,0.0,0.0,0.0,0.0,0.0,,0.0,,,,,0.0,,AL,0.0,0.0,0.0,0.0,1.0,67,Burkina Faso,BFA,2010,426
2005,Case Management,Female,18--20,Adult,,,BG,,,,,,,,,,,,,,,,,,1.0,,0.0,1.0,0.0,0.0,0.0,0.0,0.0,,Sexual exploitation,0.0,0.0,0.0,0.0,0.0,0.0,0.0,0.0,0.0,0.0,0.0,0.0,0.0,,0.0,,,,,0.0,,BG,0.0,0.0,0.0,0.0,1.0,68,Burkina Faso,BFA,2011,799
2005,Case Management,Female,18--20,Adult,,,BY,,,,,,,,,,,,,,,,,,1.0,,0.0,1.0,0.0,0.0,0.0,0.0,0.0,,Sexual exploitation,0.0,0.0,0.0,0.0,0.0,0.0,0.0,0.0,0.0,0.0,0.0,0.0,0.0,,0.0,,,,,0.0,,RU,0.0,0.0,0.0,0.0,1.0,69,Burkina Faso,BFA,2014,351
2005,Case Management,Female,18--20,Adult,,,BY,,,,,,,,,,,,,,,,,,1.0,,1.0,1.0,0.0,0.0,0.0,0.0,0.0,,Sexual exploitation,0.0,0.0,0.0,0.0,0.0,0.0,0.0,0.0,0.0,0.0,0.0,0.0,1.0,Not specified,0.0,,,,,0.0,,AE,0.0,0.0,0.0,0.0,1.0,70,Burkina Faso,BFA,2017,564
2005,Case Management,Female,18--20,Adult,,,BY,,,,,,,,,,,,,,,,,,1.0,,1.0,1.0,0.0,0.0,0.0,0.0,0.0,,Sexual exploitation,0.0,0.0,0.0,0.0,0.0,0.0,0.0,0.0,0.0,0.0,0.0,0.0,1.0,Not specified,0.0,,,,,0.0,,RU,0.0,0.0,0.0,0.0,1.0,71,Burkina Faso,BFA,2020,806
2005,Case Management,Female,18--20,Adult,,,MD,,,,,,,,,,,,,,,,,,1.0,,0.0,0.0,0.0,0.0,0.0,0.0,0.0,,,0.0,0.0,0.0,0.0,0.0,0.0,0.0,0.0,0.0,0.0,0.0,0.0,0.0,,0.0,,,,,0.0,,MD,0.0,0.0,0.0,0.0,1.0,72,Burkina Faso,BFA,2021,434
2005,Case Management,Female,18--20,Adult,,,RO,,,,,,,,,,,,,,,,,,1.0,,0.0,1.0,0.0,0.0,0.0,0.0,0.0,,Sexual exploitation,0.0,0.0,0.0,0.0,0.0,0.0,0.0,0.0,0.0,0.0,0.0,0.0,0.0,,0.0,,,,,0.0,,IT,0.0,0.0,0.0,0.0,1.0,73,Cameroon,CMR,2017,9
2005,Case Management,Female,18--20,Adult,,,RO,,,,,,,,,,,,,,,,,,1.0,,0.0,1.0,0.0,0.0,0.0,0.0,0.0,,Sexual exploitation,0.0,0.0,0.0,0.0,0.0,0.0,0.0,0.0,0.0,0.0,0.0,0.0,0.0,,0.0,,,,,0.0,,RO,0.0,0.0,0.0,0.0,1.0,74,Cameroon,CMR,2020,9
2005,Case Management,Female,18--20,Adult,,,RO,,,,,,,,,,,,,,,,,,1.0,,1.0,1.0,0.0,0.0,0.0,0.0,0.0,,Sexual exploitation,0.0,0.0,0.0,0.0,0.0,0.0,0.0,0.0,0.0,0.0,0.0,0.0,1.0,Not specified,0.0,,,,,0.0,,RO,0.0,0.0,0.0,0.0,1.0,75,Canada,CAN,2012,18
2005,Case Management,Female,18--20,Adult,,,RO,,,,,,,,,,,,,,,,,,1.0,,1.0,1.0,0.0,0.0,0.0,0.0,0.0,,Sexual exploitation,0.0,0.0,0.0,0.0,0.0,0.0,0.0,0.0,0.0,0.0,0.0,1.0,1.0,Other;Not specified,0.0,,,,,0.0,,RO,0.0,0.0,0.0,0.0,1.0,76,Canada,CAN,2017,79
2005,Case Management,Female,18--20,Adult,,,RO,,,,,,,,,,,,,,,,,,1.0,,1.0,1.0,0.0,0.0,0.0,0.0,0.0,,Sexual exploitation,0.0,0.0,0.0,0.0,0.0,1.0,0.0,0.0,0.0,0.0,0.0,0.0,0.0,Hospitality,0.0,,,,,0.0,,RO,0.0,0.0,0.0,0.0,1.0,77,Colombia,COL,2007,6
2005,Case Management,Female,18--20,Adult,,,RO,,,,,,,,,,,,,,,,,,1.0,,1.0,1.0,0.0,0.0,0.0,0.0,0.0,,Sexual exploitation,0.0,0.0,0.0,0.0,1.0,0.0,0.0,0.0,0.0,0.0,0.0,0.0,0.0,Domestic work,0.0,,,,,0.0,,RO,0.0,0.0,0.0,0.0,1.0,78,Colombia,COL,2020,5
2005,Case Management,Female,18--20,Adult,,,RO,,,,,,,,,,,,,,,,,,1.0,,,,,,,,,,,,,,,,,,,,,,,,,,,,,,,,RO,0.0,0.0,0.0,0.0,1.0,79,Congo,COG,2011,9
2005,Case Management,Female,18--20,Adult,,,UA,,,,,,,,,,,,,,,,,,1.0,,0.0,1.0,0.0,0.0,0.0,0.0,0.0,,Sexual exploitation,0.0,0.0,0.0,0.0,0.0,0.0,0.0,0.0,0.0,0.0,0.0,0.0,0.0,,0.0,,,,,0.0,,TR,0.0,0.0,0.0,0.0,1.0,80,Costa Rica,CRI,2019,14
2005,Case Management,Female,18--20,Adult,,,UA,,,,,,,,,,,,,,,,,,1.0,,1.0,1.0,0.0,0.0,0.0,0.0,0.0,,Sexual exploitation,0.0,0.0,0.0,0.0,0.0,0.0,0.0,0.0,0.0,0.0,0.0,0.0,1.0,Not specified,0.0,,,,,0.0,,TR,0.0,0.0,0.0,0.0,1.0,81,Costa Rica,CRI,2020,6
2005,Case Management,Female,18--20,Adult,,,UA,,,,,,,,,,,,,,,,,,1.0,,1.0,1.0,0.0,0.0,0.0,0.0,0.0,,Sexual exploitation,0.0,0.0,0.0,0.0,0.0,0.0,0.0,0.0,0.0,0.0,0.0,1.0,1.0,Other;Not specified,0.0,,,,,0.0,,TR,0.0,0.0,0.0,0.0,1.0,82,Costa Rica,CRI,2022,8
2005,Case Management,Female,18--20,Adult,,,UA,,,,,,,,,,,,,,,,,,1.0,,1.0,1.0,0.0,0.0,0.0,0.0,0.0,,Sexual exploitation,0.0,0.0,0.0,0.0,0.0,1.0,0.0,0.0,0.0,0.0,0.0,0.0,0.0,Hospitality,0.0,,,,,0.0,,TR,0.0,0.0,0.0,0.0,1.0,83,Cote d'Ivoire,CIV,2016,6
2005,Case Management,Female,18--20,Adult,,,UZ,,,,,,,,,,,,,,,,,,1.0,,0.0,0.0,0.0,0.0,0.0,0.0,0.0,,,,,,,,,,,,,,,,,,,,,,,,UZ,0.0,0.0,0.0,0.0,1.0,84,Cote d'Ivoire,CIV,2018,110
2005,Case Management,Female,21--23,Adult,,,AL,,,,,,,,,,,,,,,,,,1.0,,0.0,0.0,0.0,0.0,0.0,0.0,0.0,,,0.0,0.0,0.0,0.0,0.0,0.0,0.0,0.0,0.0,0.0,0.0,0.0,0.0,,0.0,,,,,0.0,,AL,0.0,0.0,0.0,0.0,1.0,85,Cote d'Ivoire,CIV,2019,50
2005,Case Management,Female,21--23,Adult,,,BG,,,,,,,,,,,,,,,,,,1.0,,0.0,1.0,0.0,0.0,0.0,0.0,0.0,,Sexual exploitation,0.0,0.0,0.0,0.0,0.0,0.0,0.0,0.0,0.0,0.0,0.0,0.0,0.0,,0.0,,,,,0.0,,BG,0.0,0.0,0.0,0.0,1.0,86,Cote d'Ivoire,CIV,2021,34
2005,Case Management,Female,21--23,Adult,,,BY,,,,,,,,,,,,,,,,,,1.0,,0.0,1.0,0.0,0.0,0.0,0.0,0.0,,Sexual exploitation,0.0,0.0,0.0,0.0,0.0,0.0,0.0,0.0,0.0,0.0,0.0,0.0,0.0,,0.0,,,,,0.0,,RU,0.0,0.0,0.0,0.0,1.0,87,Cote d'Ivoire,CIV,2022,136
2005,Case Management,Female,21--23,Adult,,,BY,,,,,,,,,,,,,,,,,,1.0,,1.0,1.0,0.0,0.0,0.0,0.0,0.0,,Sexual exploitation,0.0,0.0,0.0,0.0,0.0,0.0,0.0,0.0,0.0,0.0,0.0,0.0,1.0,Not specified,0.0,,,,,0.0,,AE,0.0,0.0,0.0,0.0,1.0,88,Croatia,HRV,2016,6
2005,Case Management,Female,21--23,Adult,,,BY,,,,,,,,,,,,,,,,,,1.0,,1.0,1.0,0.0,0.0,0.0,0.0,0.0,,Sexual exploitation,0.0,0.0,0.0,0.0,0.0,0.0,0.0,0.0,0.0,0.0,0.0,0.0,1.0,Not specified,0.0,,,,,0.0,,RU,0.0,0.0,0.0,0.0,1.0,89,Croatia,HRV,2017,7
2005,Case Management,Female,21--23,Adult,,,MD,,,,,,,,,,,,,,,,,,1.0,,0.0,0.0,0.0,0.0,0.0,0.0,0.0,,,0.0,0.0,0.0,0.0,0.0,0.0,0.0,0.0,0.0,0.0,0.0,0.0,0.0,,0.0,,,,,0.0,,MD,0.0,0.0,0.0,0.0,1.0,90,Croatia,HRV,2021,5
2005,Case Management,Female,21--23,Adult,,,RO,,,,,,,,,,,,,,,,,,1.0,,0.0,1.0,0.0,0.0,0.0,0.0,0.0,,Sexual exploitation,0.0,0.0,0.0,0.0,0.0,0.0,0.0,0.0,0.0,0.0,0.0,0.0,0.0,,0.0,,,,,0.0,,RO,0.0,0.0,0.0,0.0,1.0,91,Czechia,CZE,2012,18
2005,Case Management,Female,21--23,Adult,,,UA,,,,,,,,,,,,,,,,,,1.0,,0.0,1.0,0.0,0.0,0.0,0.0,0.0,,Sexual exploitation,0.0,0.0,0.0,0.0,0.0,0.0,0.0,0.0,0.0,0.0,0.0,0.0,0.0,,,,,,,0.0,,TR,0.0,0.0,0.0,0.0,1.0,92,Czechia,CZE,2013,31
2005,Case Management,Female,21--23,Adult,,,UA,1.0,,,1.0,1.0,1.0,1.0,,,,,,,,,1.0,,0.0,Debt bondage;Physical Abuse;Psychological abuse;Sexual abuse;Threats;Withholds documents,0.0,1.0,0.0,0.0,0.0,0.0,0.0,,Sexual exploitation,0.0,0.0,0.0,0.0,0.0,0.0,0.0,0.0,0.0,0.0,0.0,0.0,0.0,,,,,,,0.0,,TR,0.0,0.0,0.0,0.0,1.0,93,Czechia,CZE,2015,8
2005,Case Management,Female,21--23,Adult,,,UA,,,,,,,,,,,,,,,,,,1.0,,1.0,1.0,0.0,0.0,0.0,0.0,0.0,,Sexual exploitation,0.0,0.0,0.0,0.0,0.0,0.0,0.0,0.0,0.0,0.0,0.0,0.0,1.0,Not specified,0.0,,,,,0.0,,RU,0.0,0.0,0.0,0.0,1.0,94,Denmark,DNK,2015,5
2005,Case Management,Female,21--23,Adult,,,UA,,,,,,,,,,,,,,,,,,1.0,,1.0,1.0,0.0,0.0,0.0,0.0,0.0,,Sexual exploitation,0.0,0.0,0.0,0.0,0.0,0.0,0.0,0.0,0.0,0.0,0.0,0.0,1.0,Not specified,0.0,,,,,0.0,,TR,0.0,0.0,0.0,0.0,1.0,95,Denmark,DNK,2018,10
2005,Case Management,Female,21--23,Adult,,,UA,,,,,,,,,,,,,,,,,,1.0,,1.0,1.0,0.0,0.0,0.0,0.0,0.0,,Sexual exploitation,0.0,0.0,0.0,0.0,0.0,0.0,0.0,0.0,0.0,0.0,0.0,1.0,1.0,Other;Not specified,0.0,,,,,0.0,,TR,0.0,0.0,0.0,0.0,1.0,96,Denmark,DNK,2019,5
2005,Case Management,Female,21--23,Adult,,,UZ,,,,,,,,,,,,,,,,,,1.0,,0.0,0.0,0.0,0.0,0.0,0.0,0.0,,,,,,,,,,,,,,,,,,,,,,,,UZ,0.0,0.0,0.0,0.0,1.0,97,Denmark,DNK,2020,8
2005,Case Management,Female,24--26,Adult,,,BG,,,,,,,,,,,,,,,,,,1.0,,0.0,1.0,0.0,0.0,0.0,0.0,0.0,,Sexual exploitation,0.0,0.0,0.0,0.0,0.0,0.0,0.0,0.0,0.0,0.0,0.0,0.0,0.0,,0.0,,,,,0.0,,BG,0.0,0.0,0.0,0.0,1.0,98,Denmark,DNK,2021,68
2005,Case Management,Female,24--26,Adult,,,BY,,,,,,,,,,,,,,,,,,1.0,,0.0,1.0,0.0,0.0,0.0,0.0,0.0,,Sexual exploitation,0.0,0.0,0.0,0.0,0.0,0.0,0.0,0.0,0.0,0.0,0.0,0.0,0.0,,0.0,,,,,0.0,,RU,0.0,0.0,0.0,0.0,1.0,99,Denmark,DNK,2022,5
2005,Case Management,Female,24--26,Adult,,,BY,,,,,,,,,,,,,,,,,,1.0,,1.0,1.0,0.0,0.0,0.0,0.0,0.0,,Sexual exploitation,0.0,0.0,0.0,0.0,0.0,0.0,0.0,0.0,0.0,0.0,0.0,0.0,1.0,Not specified,0.0,,,,,0.0,,AE,0.0,0.0,0.0,0.0,1.0,100,Dominican Republic,DOM,2011,32
2005,Case Management,Female,24--26,Adult,,,MD,,,,,,,,,,,,,,,,,,1.0,,0.0,0.0,0.0,0.0,0.0,0.0,0.0,,,0.0,0.0,0.0,0.0,0.0,0.0,0.0,0.0,0.0,0.0,0.0,0.0,0.0,,0.0,,,,,0.0,,MD,0.0,0.0,0.0,0.0,1.0,101,Dominican Republic,DOM,2012,9
2005,Case Management,Female,24--26,Adult,,,RO,,,,,,,,,,,,,,,,,,1.0,,0.0,1.0,0.0,0.0,0.0,0.0,0.0,,Sexual exploitation,0.0,0.0,0.0,0.0,0.0,0.0,0.0,0.0,0.0,0.0,0.0,0.0,0.0,,0.0,,,,,0.0,,RO,0.0,0.0,0.0,0.0,1.0,102,Dominican Republic,DOM,2016,20
2005,Case Management,Female,24--26,Adult,,,UA,,,,,,,,,,,,,,,,,,1.0,,0.0,1.0,0.0,0.0,0.0,0.0,0.0,,Sexual exploitation,0.0,0.0,0.0,0.0,0.0,0.0,0.0,0.0,0.0,0.0,0.0,0.0,0.0,,0.0,,,,,0.0,,BG,0.0,0.0,0.0,0.0,1.0,103,Dominican Republic,DOM,2017,13
2005,Case Management,Female,24--26,Adult,,,UZ,,,,,,,,,,,,,,,,,,1.0,,0.0,0.0,0.0,0.0,0.0,0.0,0.0,,,,,,,,,,,,,,,,,,,,,,,,UZ,0.0,0.0,0.0,0.0,1.0,104,Dominican Republic,DOM,2018,44
2005,Case Management,Female,27--29,Adult,,,MD,,,,,,,,,,,,,,,,,,1.0,,0.0,0.0,0.0,0.0,0.0,0.0,0.0,,,0.0,0.0,0.0,0.0,0.0,0.0,0.0,0.0,0.0,0.0,0.0,0.0,0.0,,0.0,,,,,0.0,,MD,0.0,0.0,0.0,0.0,1.0,105,Dominican Republic,DOM,2019,6
2005,Case Management,Female,30--38,Adult,,,ID,,,,,,,,,,,,,,,,,,1.0,,1.0,0.0,1.0,0.0,0.0,0.0,0.0,,Other,0.0,0.0,0.0,0.0,1.0,0.0,0.0,0.0,0.0,0.0,0.0,0.0,0.0,Domestic work,0.0,,,,,0.0,,MY,0.0,0.0,0.0,0.0,1.0,106,Dominican Republic,DOM,2020,11
2005,Case Management,Female,30--38,Adult,,,MD,,,,,,,,,,,,,,,,,,1.0,,0.0,0.0,0.0,0.0,0.0,0.0,0.0,,,0.0,0.0,0.0,0.0,0.0,0.0,0.0,0.0,0.0,0.0,0.0,0.0,0.0,,0.0,,,,,0.0,,MD,0.0,0.0,0.0,0.0,1.0,107,Dominican Republic,DOM,2021,8
2005,Case Management,Female,30--38,Adult,,,TJ,,,,,,,,,,,,,,,,,,1.0,,,,,,,,,,,,,,,,,,,,,,,,,,,,,,,,TJ,0.0,0.0,0.0,0.0,1.0,108,Dominican Republic,DOM,2022,8
2005,Case Management,Female,30--38,Adult,,,UA,,,,,,,,,,,,,,,,,,1.0,,0.0,1.0,0.0,0.0,0.0,0.0,0.0,,Sexual exploitation,0.0,0.0,0.0,0.0,0.0,0.0,0.0,0.0,0.0,0.0,0.0,0.0,0.0,,0.0,,,,,0.0,,TR,0.0,0.0,0.0,0.0,1.0,109,Ecuador,ECU,2012,16
2005,Case Management,Female,30--38,Adult,,,UZ,,,,,,,,,,,,,,,,,,1.0,,0.0,0.0,0.0,0.0,0.0,0.0,0.0,,,,,,,,,,,,,,,,,,,,,,,,UZ,0.0,0.0,0.0,0.0,1.0,110,Ecuador,ECU,2013,50
2005,Case Management,Female,39--47,Adult,,,MD,,,,,,,,,,,,,,,,,,1.0,,0.0,0.0,0.0,0.0,0.0,0.0,0.0,,,0.0,0.0,0.0,0.0,0.0,0.0,0.0,0.0,0.0,0.0,0.0,0.0,0.0,,0.0,,,,,0.0,,MD,0.0,0.0,0.0,0.0,1.0,111,Ecuador,ECU,2014,10
2005,Case Management,Female,9--17,Minor,,,BG,,,,,,,,,,,,,,,,,,1.0,,0.0,1.0,0.0,0.0,0.0,0.0,0.0,,Sexual exploitation,0.0,0.0,0.0,0.0,0.0,0.0,0.0,0.0,0.0,0.0,0.0,0.0,0.0,,0.0,,,,,0.0,,BG,0.0,0.0,0.0,0.0,1.0,112,Ecuador,ECU,2017,10
2005,Case Management,Female,9--17,Minor,,,BY,,,,,,,,,,,,,,,,,,1.0,,0.0,1.0,0.0,0.0,0.0,0.0,0.0,,Sexual exploitation,0.0,0.0,0.0,0.0,0.0,0.0,0.0,0.0,0.0,0.0,0.0,0.0,0.0,,0.0,,,,,0.0,,RU,0.0,0.0,0.0,0.0,1.0,113,Ecuador,ECU,2018,30
2005,Case Management,Female,9--17,Minor,,,GH,,,,,,,,,,,,,,,,,,1.0,,1.0,0.0,0.0,0.0,0.0,0.0,0.0,,,0.0,0.0,0.0,0.0,0.0,0.0,0.0,0.0,0.0,0.0,0.0,0.0,1.0,Not specified,0.0,,,,,0.0,,GH,0.0,0.0,0.0,0.0,1.0,114,Egypt,EGY,2010,8
2005,Case Management,Female,9--17,Minor,,,GH,,,,,,,,,,,,,,,,,,1.0,,1.0,0.0,0.0,0.0,0.0,0.0,0.0,,Forced labour,0.0,0.0,0.0,0.0,0.0,0.0,0.0,0.0,0.0,0.0,0.0,0.0,1.0,Not specified,0.0,,,,,0.0,,GH,0.0,0.0,0.0,0.0,1.0,115,Egypt,EGY,2013,24
2005,Case Management,Female,9--17,Minor,,,GH,,,,,,,,,,,,,,,,,,1.0,,1.0,0.0,0.0,0.0,0.0,0.0,0.0,,Forced labour,0.0,0.0,0.0,0.0,0.0,0.0,0.0,0.0,0.0,0.0,0.0,0.0,0.0,,0.0,,,,,0.0,,GH,0.0,0.0,0.0,0.0,1.0,116,Egypt,EGY,2014,48
2005,Case Management,Female,9--17,Minor,,,GH,,,,,,,,,,,,,,,,,,1.0,,1.0,0.0,0.0,0.0,0.0,0.0,0.0,,Forced labour,0.0,0.0,0.0,0.0,0.0,0.0,0.0,0.0,0.0,0.0,0.0,1.0,1.0,Other;Not specified,0.0,,,,,0.0,,GH,0.0,0.0,0.0,0.0,1.0,117,Egypt,EGY,2015,37
2005,Case Management,Female,9--17,Minor,,,MD,,,,,,,,,,,,,,,,,,1.0,,0.0,0.0,0.0,0.0,0.0,0.0,0.0,,,0.0,0.0,0.0,0.0,0.0,0.0,0.0,0.0,0.0,0.0,0.0,0.0,0.0,,0.0,,,,,0.0,,MD,0.0,0.0,0.0,0.0,1.0,118,Egypt,EGY,2017,20
2005,Case Management,Male,0--8,Minor,,,GH,,,,,,,,,,,,,,,,,,1.0,,1.0,0.0,0.0,0.0,0.0,0.0,0.0,,Forced labour,0.0,0.0,0.0,0.0,0.0,0.0,0.0,0.0,0.0,0.0,0.0,0.0,1.0,Not specified,0.0,,,,,0.0,,GH,0.0,0.0,0.0,0.0,1.0,119,Egypt,EGY,2018,57
2005,Case Management,Male,0--8,Minor,,,GH,,,,,,,,,,,,,,,,,,1.0,,1.0,0.0,0.0,0.0,0.0,0.0,0.0,,Forced labour,0.0,0.0,0.0,0.0,0.0,0.0,0.0,0.0,0.0,0.0,0.0,1.0,1.0,Other;Not specified,0.0,,,,,0.0,,GH,0.0,0.0,0.0,0.0,1.0,120,Egypt,EGY,2020,148
2005,Case Management,Male,0--8,Minor,,,GH,,,,,,,,,,,,,,,,,,1.0,,1.0,0.0,0.0,0.0,0.0,0.0,0.0,,Forced labour,0.0,0.0,0.0,0.0,0.0,0.0,0.0,0.0,0.0,0.0,0.0,0.0,0.0,,0.0,,,,,0.0,,GH,0.0,0.0,0.0,0.0,1.0,121,Egypt,EGY,2021,91
2005,Case Management,Male,0--8,Minor,,,GH,,,,,,,,,,,,,,,,,,1.0,,1.0,0.0,0.0,0.0,0.0,0.0,0.0,,,0.0,0.0,0.0,0.0,0.0,0.0,0.0,0.0,0.0,0.0,0.0,0.0,1.0,Not specified,0.0,,,,,0.0,,GH,0.0,0.0,0.0,0.0,1.0,122,El Salvador,SLV,2018,6
2005,Case Management,Male,18--20,Adult,,,BY,,,,,,,,,,,,,,,,,,1.0,,1.0,0.0,0.0,0.0,0.0,0.0,0.0,,Forced labour,0.0,0.0,0.0,0.0,0.0,0.0,0.0,0.0,0.0,0.0,0.0,0.0,0.0,,0.0,,,,,0.0,,RU,0.0,0.0,0.0,0.0,1.0,123,Estonia,EST,2018,5
2005,Case Management,Male,18--20,Adult,,,BY,,,,,,,,,,,,,,,,,,1.0,,1.0,0.0,0.0,0.0,0.0,0.0,0.0,,Forced labour,0.0,0.0,0.0,0.0,0.0,0.0,0.0,0.0,0.0,0.0,0.0,0.0,1.0,Not specified,0.0,,,,,0.0,,RU,0.0,0.0,0.0,0.0,1.0,124,Finland,FIN,2016,13
2005,Case Management,Male,24--26,Adult,,,BY,,,,,,,,,,,,,,,,,,1.0,,1.0,0.0,0.0,0.0,0.0,0.0,0.0,,Forced labour,0.0,0.0,0.0,0.0,0.0,0.0,0.0,0.0,0.0,0.0,0.0,0.0,1.0,Not specified,0.0,,,,,0.0,,RU,0.0,0.0,0.0,0.0,1.0,125,Finland,FIN,2017,10
2005,Case Management,Male,24--26,Adult,,,BY,,,,,,,,,,,,,,,,,,1.0,,1.0,0.0,0.0,0.0,0.0,0.0,0.0,,Forced labour,0.0,0.0,0.0,0.0,0.0,0.0,0.0,0.0,0.0,0.0,0.0,0.0,0.0,,0.0,,,,,0.0,,RU,0.0,0.0,0.0,0.0,1.0,126,Finland,FIN,2018,6
2005,Case Management,Male,30--38,Adult,,,BY,,,,,,,,,,,,,,,,,,1.0,,1.0,0.0,0.0,0.0,0.0,0.0,0.0,,Forced labour,0.0,0.0,0.0,0.0,0.0,0.0,0.0,0.0,0.0,0.0,0.0,0.0,1.0,Not specified,0.0,,,,,0.0,,RU,0.0,0.0,0.0,0.0,1.0,127,Finland,FIN,2019,7
2005,Case Management,Male,30--38,Adult,,,BY,,,,,,,,,,,,,,,,,,1.0,,1.0,0.0,0.0,0.0,0.0,0.0,0.0,,Forced labour,0.0,0.0,0.0,0.0,0.0,0.0,0.0,0.0,0.0,0.0,0.0,0.0,0.0,,0.0,,,,,0.0,,RU,0.0,0.0,0.0,0.0,1.0,128,Finland,FIN,2020,6
2005,Case Management,Male,30--38,Adult,,,UA,,,,,,,,,,,,,,,,,,1.0,,1.0,0.0,0.0,0.0,0.0,0.0,0.0,,Forced labour,0.0,0.0,0.0,0.0,0.0,0.0,0.0,0.0,0.0,0.0,0.0,0.0,1.0,Not specified,0.0,,,,,0.0,,RU,0.0,0.0,0.0,0.0,1.0,129,Finland,FIN,2021,20
2005,Case Management,Male,30--38,Adult,,,UA,,,,,,,,,,,,,,,,,,1.0,,1.0,0.0,0.0,0.0,0.0,0.0,0.0,,Forced labour,0.0,0.0,0.0,0.0,0.0,0.0,0.0,0.0,0.0,0.0,0.0,0.0,0.0,,0.0,,,,,0.0,,RU,0.0,0.0,0.0,0.0,1.0,130,Finland,FIN,2022,5
2005,Case Management,Male,39--47,Adult,,,BY,,,,,,,,,,,,,,,,,,1.0,,1.0,0.0,0.0,0.0,0.0,0.0,0.0,,Forced labour,0.0,0.0,0.0,0.0,0.0,0.0,0.0,0.0,0.0,0.0,0.0,0.0,0.0,,0.0,,,,,0.0,,RU,0.0,0.0,0.0,0.0,1.0,131,France,FRA,2015,68
2005,Case Management,Male,39--47,Adult,,,BY,,,,,,,,,,,,,,,,,,1.0,,1.0,0.0,0.0,0.0,0.0,0.0,0.0,,Forced labour,0.0,0.0,0.0,0.0,0.0,0.0,0.0,0.0,0.0,0.0,0.0,0.0,1.0,Not specified,0.0,,,,,0.0,,RU,0.0,0.0,0.0,0.0,1.0,132,France,FRA,2016,83
2005,Case Management,Male,48+,Adult,,,BY,,,,,,,,,,,,,,,,,,1.0,,1.0,0.0,0.0,0.0,0.0,0.0,0.0,,Forced labour,0.0,0.0,0.0,0.0,0.0,0.0,0.0,0.0,0.0,0.0,0.0,0.0,0.0,,0.0,,,,,0.0,,RU,0.0,0.0,0.0,0.0,1.0,133,France,FRA,2018,76
2005,Case Management,Male,48+,Adult,,,BY,,,,,,,,,,,,,,,,,,1.0,,1.0,0.0,0.0,0.0,0.0,0.0,0.0,,Forced labour,0.0,0.0,0.0,0.0,0.0,0.0,0.0,0.0,0.0,0.0,0.0,0.0,1.0,Not specified,0.0,,,,,0.0,,RU,0.0,0.0,0.0,0.0,1.0,134,France,FRA,2019,68
2005,Case Management,Male,9--17,Minor,,,BY,,,,,,,,,,,,,,,,,,1.0,,1.0,0.0,0.0,0.0,0.0,0.0,0.0,,Forced labour,0.0,0.0,0.0,0.0,0.0,0.0,0.0,0.0,0.0,0.0,0.0,0.0,0.0,,0.0,,,,,0.0,,RU,0.0,0.0,0.0,0.0,1.0,135,France,FRA,2020,17
2005,Case Management,Male,9--17,Minor,,,BY,,,,,,,,,,,,,,,,,,1.0,,1.0,0.0,0.0,0.0,0.0,0.0,0.0,,Forced labour,0.0,0.0,0.0,0.0,0.0,0.0,0.0,0.0,0.0,0.0,0.0,0.0,1.0,Not specified,0.0,,,,,0.0,,RU,0.0,0.0,0.0,0.0,1.0,136,France,FRA,2021,99
2005,Case Management,Male,9--17,Minor,,,GH,,,,,,,,,,,,,,,,,,1.0,,1.0,0.0,0.0,0.0,0.0,0.0,0.0,,Forced labour,0.0,0.0,0.0,0.0,0.0,0.0,0.0,0.0,0.0,0.0,0.0,0.0,1.0,Not specified,0.0,,,,,0.0,,GH,0.0,0.0,0.0,0.0,1.0,137,France,FRA,2022,118
2005,Case Management,Male,9--17,Minor,,,GH,,,,,,,,,,,,,,,,,,1.0,,1.0,0.0,0.0,0.0,0.0,0.0,0.0,,,0.0,0.0,0.0,0.0,0.0,0.0,0.0,0.0,0.0,0.0,0.0,0.0,1.0,Not specified,0.0,,,,,0.0,,GH,0.0,0.0,0.0,0.0,1.0,138,Germany,DEU,2007,7
2005,Case Management,Male,9--17,Minor,,,GH,,,,,,,,,,,,,,,,,,1.0,,1.0,0.0,0.0,0.0,0.0,0.0,0.0,,Forced labour,0.0,0.0,0.0,0.0,0.0,0.0,0.0,0.0,0.0,0.0,0.0,0.0,0.0,,0.0,,,,,0.0,,GH,0.0,0.0,0.0,0.0,1.0,139,Germany,DEU,2008,59
2005,Case Management,Male,9--17,Minor,,,GH,,,,,,,,,,,,,,,,,,1.0,,1.0,0.0,0.0,0.0,0.0,0.0,0.0,,,0.0,0.0,0.0,0.0,0.0,0.0,0.0,0.0,0.0,0.0,0.0,1.0,1.0,Other;Not specified,0.0,,,,,0.0,,GH,0.0,0.0,0.0,0.0,1.0,140,Germany,DEU,2009,73
2005,Case Management,Male,9--17,Minor,,,GH,,,,,,,,,,,,,,,,,,1.0,,1.0,0.0,0.0,0.0,0.0,0.0,0.0,,Forced labour,0.0,0.0,0.0,0.0,0.0,0.0,0.0,0.0,0.0,0.0,0.0,1.0,1.0,Other;Not specified,0.0,,,,,0.0,,GH,0.0,0.0,0.0,0.0,1.0,141,Germany,DEU,2010,13
2006,Case Management,Female,18--20,Adult,,,BY,,,,,,,,,,,,,,,,,,1.0,,0.0,1.0,0.0,0.0,0.0,0.0,0.0,,Sexual exploitation,0.0,0.0,0.0,0.0,0.0,0.0,0.0,0.0,0.0,0.0,0.0,0.0,0.0,,0.0,,,,,0.0,,RU,0.0,0.0,0.0,0.0,1.0,142,Germany,DEU,2011,18
2006,Case Management,Female,18--20,Adult,,,BY,,,,,,,,,,,,,,,,,,1.0,,1.0,1.0,0.0,0.0,0.0,0.0,0.0,,Sexual exploitation,0.0,0.0,0.0,0.0,0.0,0.0,0.0,0.0,0.0,0.0,0.0,0.0,1.0,Not specified,0.0,,,,,0.0,,RU,0.0,0.0,0.0,0.0,1.0,143,Germany,DEU,2012,13
2006,Case Management,Female,18--20,Adult,,,ID,,,,,,,,,,,,,,,,,,1.0,,1.0,0.0,0.0,0.0,0.0,0.0,0.0,,,0.0,0.0,0.0,0.0,1.0,0.0,0.0,0.0,0.0,0.0,0.0,0.0,0.0,Domestic work,0.0,,,,,0.0,,MY,0.0,0.0,0.0,0.0,1.0,144,Germany,DEU,2013,14
2006,Case Management,Female,18--20,Adult,,,ID,,,,,,,,,,,,,,,,,,1.0,,1.0,0.0,0.0,0.0,0.0,0.0,0.0,,Forced labour,0.0,0.0,0.0,0.0,1.0,0.0,0.0,0.0,0.0,0.0,0.0,0.0,0.0,Domestic work,0.0,,,,,0.0,,MY,0.0,0.0,0.0,0.0,1.0,145,Germany,DEU,2014,7
2006,Case Management,Female,18--20,Adult,,,ID,,,,,,,,,,,,,,,,,,1.0,,1.0,,,,,,,,,0.0,0.0,0.0,0.0,1.0,0.0,0.0,0.0,0.0,0.0,0.0,0.0,0.0,Domestic work,0.0,,,,,0.0,,MY,0.0,0.0,0.0,0.0,1.0,146,Germany,DEU,2015,7
2006,Case Management,Female,18--20,Adult,,,ID,,,,,,,,,,,,,,,,,,1.0,,,,,,,,,,,0.0,0.0,0.0,0.0,0.0,0.0,0.0,0.0,0.0,0.0,0.0,0.0,0.0,,0.0,,,,,0.0,,MY,0.0,0.0,0.0,0.0,1.0,147,Germany,DEU,2016,8
2006,Case Management,Female,18--20,Adult,,,MD,,,,,,,,,,,,,,,,,,1.0,,0.0,0.0,0.0,0.0,0.0,0.0,0.0,,,0.0,0.0,0.0,0.0,0.0,0.0,0.0,0.0,0.0,0.0,0.0,0.0,0.0,,0.0,,,,,0.0,,MD,0.0,0.0,0.0,0.0,1.0,148,Germany,DEU,2017,62
2006,Case Management,Female,18--20,Adult,,,MD,,,,,,,,,,,,,,,,,,1.0,,0.0,1.0,0.0,0.0,0.0,0.0,0.0,,Sexual exploitation,0.0,0.0,0.0,0.0,0.0,0.0,0.0,0.0,0.0,0.0,0.0,0.0,0.0,,0.0,,,,,0.0,,TR,0.0,0.0,0.0,0.0,1.0,149,Germany,DEU,2018,8
2006,Case Management,Female,18--20,Adult,,,MD,,,,,,,,,,,,,,,,,,1.0,,1.0,1.0,0.0,0.0,0.0,0.0,0.0,,Sexual exploitation,0.0,0.0,0.0,0.0,0.0,0.0,0.0,0.0,0.0,0.0,0.0,0.0,1.0,Not specified,0.0,,,,,0.0,,TR,0.0,0.0,0.0,0.0,1.0,150,Germany,DEU,2019,8
2006,Case Management,Female,18--20,Adult,,,MD,,,,,,,,,,,,,,,,,,1.0,,1.0,1.0,0.0,0.0,0.0,0.0,0.0,,Sexual exploitation,0.0,0.0,0.0,0.0,0.0,0.0,0.0,0.0,0.0,0.0,0.0,1.0,1.0,Other;Not specified,0.0,,,,,0.0,,TR,0.0,0.0,0.0,0.0,1.0,151,Germany,DEU,2020,22
2006,Case Management,Female,18--20,Adult,,,RO,,,,,,,,,,,,,,,,,,1.0,,,,,,,,,,,0.0,0.0,0.0,0.0,0.0,0.0,0.0,0.0,0.0,0.0,0.0,0.0,0.0,,0.0,,,,,0.0,,RO,0.0,0.0,0.0,0.0,1.0,152,Germany,DEU,2021,68
2006,Case Management,Female,18--20,Adult,,,UA,,,,,,,,,,,,,,,,,,1.0,,0.0,1.0,0.0,0.0,0.0,0.0,0.0,,Sexual exploitation,0.0,0.0,0.0,0.0,0.0,0.0,0.0,0.0,0.0,0.0,0.0,0.0,0.0,,0.0,,,,,0.0,,AE,0.0,0.0,0.0,0.0,1.0,153,Germany,DEU,2022,36
2006,Case Management,Female,18--20,Adult,,,UA,,,,,,,,,,,,,,,,,,1.0,,0.0,1.0,0.0,0.0,0.0,0.0,0.0,,Sexual exploitation,0.0,0.0,0.0,0.0,0.0,0.0,0.0,0.0,0.0,0.0,0.0,0.0,0.0,,0.0,,,,,0.0,,RU,0.0,0.0,0.0,0.0,1.0,154,Ghana,GHA,2008,27
2006,Case Management,Female,18--20,Adult,,,UA,,,,,,,,,,,,,,,,,,1.0,,0.0,1.0,0.0,0.0,0.0,0.0,0.0,,Sexual exploitation,0.0,0.0,0.0,0.0,0.0,0.0,0.0,0.0,0.0,0.0,0.0,0.0,0.0,,0.0,,,,,0.0,,TR,0.0,0.0,0.0,0.0,1.0,155,Ghana,GHA,2019,15
2006,Case Management,Female,21--23,Adult,,,BY,,,,,,,,,,,,,,,,,,1.0,,0.0,1.0,0.0,0.0,0.0,0.0,0.0,,Sexual exploitation,0.0,0.0,0.0,0.0,0.0,0.0,0.0,0.0,0.0,0.0,0.0,0.0,0.0,,0.0,,,,,0.0,,RU,0.0,0.0,0.0,0.0,1.0,156,Ghana,GHA,2020,10
2006,Case Management,Female,21--23,Adult,,,ID,,,,,,,,,,,,,,,,,,1.0,,1.0,0.0,0.0,0.0,0.0,0.0,0.0,,,0.0,0.0,0.0,0.0,1.0,0.0,0.0,0.0,0.0,0.0,0.0,0.0,0.0,Domestic work,0.0,,,,,0.0,,MY,0.0,0.0,0.0,0.0,1.0,157,Ghana,GHA,2021,161
2006,Case Management,Female,21--23,Adult,,,ID,,,,,,,,,,,,,,,,,,1.0,,1.0,0.0,0.0,0.0,0.0,0.0,0.0,,Forced labour,0.0,0.0,0.0,0.0,1.0,0.0,0.0,0.0,0.0,0.0,0.0,0.0,0.0,Domestic work,0.0,,,,,0.0,,MY,0.0,0.0,0.0,0.0,1.0,158,Greece,GRC,2016,5
2006,Case Management,Female,21--23,Adult,,,ID,,,,,,,,,,,,,,,,,,1.0,,1.0,,,,,,,,,0.0,0.0,0.0,0.0,1.0,0.0,0.0,0.0,0.0,0.0,0.0,0.0,0.0,Domestic work,0.0,,,,,0.0,,MY,0.0,0.0,0.0,0.0,1.0,159,Greece,GRC,2019,23
2006,Case Management,Female,21--23,Adult,,,ID,,,,,,,,,,,,,,,,,,1.0,,,,,,,,,,,0.0,0.0,0.0,0.0,0.0,0.0,0.0,0.0,0.0,0.0,0.0,0.0,0.0,,0.0,,,,,0.0,,MY,0.0,0.0,0.0,0.0,1.0,160,Greece,GRC,2020,39
2006,Case Management,Female,21--23,Adult,,,MD,,,,,,,,,,,,,,,,,,1.0,,0.0,0.0,0.0,0.0,0.0,0.0,0.0,,,0.0,0.0,0.0,0.0,0.0,0.0,0.0,0.0,0.0,0.0,0.0,0.0,0.0,,0.0,,,,,0.0,,MD,0.0,0.0,0.0,0.0,1.0,161,Greece,GRC,2021,24
2006,Case Management,Female,21--23,Adult,,,RO,,,,,,,,,,,,,,,,,,1.0,,,,,,,,,,,0.0,0.0,0.0,0.0,0.0,0.0,0.0,0.0,0.0,0.0,0.0,0.0,0.0,,0.0,,,,,0.0,,RO,0.0,0.0,0.0,0.0,1.0,162,Greece,GRC,2022,26
2006,Case Management,Female,21--23,Adult,,,UA,,,,,,,,,,,,,,,,,,1.0,,0.0,1.0,0.0,0.0,0.0,0.0,0.0,,Sexual exploitation,0.0,0.0,0.0,0.0,0.0,0.0,0.0,0.0,0.0,0.0,0.0,0.0,0.0,,0.0,,,,,0.0,,AE,0.0,0.0,0.0,0.0,1.0,163,Guatemala,GTM,2014,19
2006,Case Management,Female,21--23,Adult,,,UA,,,,,,,,,,,,,,,,,,1.0,,0.0,1.0,0.0,0.0,0.0,0.0,0.0,,Sexual exploitation,0.0,0.0,0.0,0.0,0.0,0.0,0.0,0.0,0.0,0.0,0.0,0.0,0.0,,0.0,,,,,0.0,,CZ,0.0,0.0,0.0,0.0,1.0,164,Guatemala,GTM,2022,14
2006,Case Management,Female,21--23,Adult,,,UA,,,,,,,,,,,,,,,,,,1.0,,0.0,1.0,0.0,0.0,0.0,0.0,0.0,,Sexual exploitation,0.0,0.0,0.0,0.0,0.0,0.0,0.0,0.0,0.0,0.0,0.0,0.0,0.0,,0.0,,,,,0.0,,RU,0.0,0.0,0.0,0.0,1.0,165,Guinea,GIN,2013,6
2006,Case Management,Female,21--23,Adult,,,UA,,,,,,,,,,,,,,,,,,1.0,,0.0,1.0,0.0,0.0,0.0,0.0,0.0,,Sexual exploitation,0.0,0.0,0.0,0.0,0.0,0.0,0.0,0.0,0.0,0.0,0.0,0.0,0.0,,0.0,,,,,0.0,,TR,0.0,0.0,0.0,0.0,1.0,166,Guinea,GIN,2014,12
2006,Case Management,Female,24--26,Adult,,,BY,,,,,,,,,,,,,,,,,,1.0,,0.0,1.0,0.0,0.0,0.0,0.0,0.0,,Sexual exploitation,0.0,0.0,0.0,0.0,0.0,0.0,0.0,0.0,0.0,0.0,0.0,0.0,0.0,,0.0,,,,,0.0,,PL,0.0,0.0,0.0,0.0,1.0,167,Guinea,GIN,2015,16
2006,Case Management,Female,24--26,Adult,,,ID,,,,,,,,,,,,,,,,,,1.0,,1.0,0.0,0.0,0.0,0.0,0.0,0.0,,,0.0,0.0,0.0,0.0,1.0,0.0,0.0,0.0,0.0,0.0,0.0,0.0,0.0,Domestic work,0.0,,,,,0.0,,MY,0.0,0.0,0.0,0.0,1.0,168,Guinea,GIN,2016,12
2006,Case Management,Female,24--26,Adult,,,ID,,,,,,,,,,,,,,,,,,1.0,,1.0,0.0,0.0,0.0,0.0,0.0,0.0,,Forced labour,0.0,0.0,0.0,0.0,1.0,0.0,0.0,0.0,0.0,0.0,0.0,0.0,0.0,Domestic work,0.0,,,,,0.0,,MY,0.0,0.0,0.0,0.0,1.0,169,Guinea,GIN,2017,10
2006,Case Management,Female,24--26,Adult,,,ID,,,,,,,,,,,,,,,,,,1.0,,1.0,,,,,,,,,0.0,0.0,0.0,0.0,1.0,0.0,0.0,0.0,0.0,0.0,0.0,0.0,0.0,Domestic work,0.0,,,,,0.0,,MY,0.0,0.0,0.0,0.0,1.0,170,Guinea,GIN,2022,5
2006,Case Management,Female,24--26,Adult,,,ID,,,,,,,,,,,,,,,,,,1.0,,1.0,,,,,,,,,0.0,0.0,0.0,0.0,1.0,0.0,0.0,0.0,0.0,0.0,0.0,0.0,1.0,Domestic work;Not specified,0.0,,,,,0.0,,MY,0.0,0.0,0.0,0.0,1.0,171,Honduras,HND,2012,6
2006,Case Management,Female,24--26,Adult,,,ID,,,,,,,,,,,,,,,,,,1.0,,,,,,,,,,,0.0,0.0,0.0,0.0,0.0,0.0,0.0,0.0,0.0,0.0,0.0,0.0,0.0,,0.0,,,,,0.0,,MY,0.0,0.0,0.0,0.0,1.0,172,Honduras,HND,2013,6
2006,Case Management,Female,24--26,Adult,,,MD,,,,,,,,,,,,,,,,,,1.0,,0.0,0.0,0.0,0.0,0.0,0.0,0.0,,,0.0,0.0,0.0,0.0,0.0,0.0,0.0,0.0,0.0,0.0,0.0,0.0,0.0,,0.0,,,,,0.0,,MD,0.0,0.0,0.0,0.0,1.0,173,Honduras,HND,2015,17
2006,Case Management,Female,24--26,Adult,,,UA,,,,,,,,,,,,,,,,,,1.0,,0.0,1.0,0.0,0.0,0.0,0.0,0.0,,Sexual exploitation,0.0,0.0,0.0,0.0,0.0,0.0,0.0,0.0,0.0,0.0,0.0,0.0,0.0,,0.0,,,,,0.0,,PL,0.0,0.0,0.0,0.0,1.0,174,Honduras,HND,2016,7
2006,Case Management,Female,24--26,Adult,,,UA,,,,,,,,,,,,,,,,,,1.0,,0.0,1.0,0.0,0.0,0.0,0.0,0.0,,Sexual exploitation,0.0,0.0,0.0,0.0,0.0,0.0,0.0,0.0,0.0,0.0,0.0,0.0,0.0,,0.0,,,,,0.0,,RU,0.0,0.0,0.0,0.0,1.0,175,Honduras,HND,2017,25
2006,Case Management,Female,24--26,Adult,,,UA,,,,,,,,,,,,,,,,,,1.0,,1.0,0.0,0.0,0.0,0.0,0.0,0.0,,Forced labour,0.0,0.0,0.0,0.0,0.0,0.0,0.0,0.0,0.0,0.0,0.0,0.0,1.0,Not specified,0.0,,,,,0.0,,PL,0.0,0.0,0.0,0.0,1.0,176,Honduras,HND,2018,5
2006,Case Management,Female,24--26,Adult,,,UA,,,,,,,,,,,,,,,,,,1.0,,1.0,0.0,0.0,0.0,0.0,0.0,0.0,,Forced labour,0.0,0.0,0.0,0.0,0.0,0.0,0.0,0.0,0.0,0.0,0.0,0.0,0.0,,0.0,,,,,0.0,,PL,0.0,0.0,0.0,0.0,1.0,177,Honduras,HND,2020,8
2006,Case Management,Female,27--29,Adult,,,ID,,,,,,,,,,,,,,,,,,1.0,,1.0,0.0,0.0,0.0,0.0,0.0,0.0,,,0.0,0.0,0.0,0.0,1.0,0.0,0.0,0.0,0.0,0.0,0.0,0.0,0.0,Domestic work,0.0,,,,,0.0,,MY,0.0,0.0,0.0,0.0,1.0,178,Hungary,HUN,2014,18
2006,Case Management,Female,27--29,Adult,,,ID,,,,,,,,,,,,,,,,,,1.0,,1.0,0.0,0.0,0.0,0.0,0.0,0.0,,Forced labour,0.0,0.0,0.0,0.0,1.0,0.0,0.0,0.0,0.0,0.0,0.0,0.0,0.0,Domestic work,0.0,,,,,0.0,,MY,0.0,0.0,0.0,0.0,1.0,179,Hungary,HUN,2015,35
2006,Case Management,Female,27--29,Adult,,,ID,,,,,,,,,,,,,,,,,,1.0,,1.0,,,,,,,,,0.0,0.0,0.0,0.0,1.0,0.0,0.0,0.0,0.0,0.0,0.0,0.0,0.0,Domestic work,0.0,,,,,0.0,,MY,0.0,0.0,0.0,0.0,1.0,180,Hungary,HUN,2016,43
2006,Case Management,Female,27--29,Adult,,,ID,,,,,,,,,,,,,,,,,,1.0,,,,,,,,,,,0.0,0.0,0.0,0.0,0.0,0.0,0.0,0.0,0.0,0.0,0.0,0.0,0.0,,0.0,,,,,0.0,,MY,0.0,0.0,0.0,0.0,1.0,181,Hungary,HUN,2020,5
2006,Case Management,Female,27--29,Adult,,,MD,,,,,,,,,,,,,,,,,,1.0,,0.0,0.0,0.0,0.0,0.0,0.0,0.0,,,0.0,0.0,0.0,0.0,0.0,0.0,0.0,0.0,0.0,0.0,0.0,0.0,0.0,,0.0,,,,,0.0,,MD,0.0,0.0,0.0,0.0,1.0,182,Hungary,HUN,2021,9
2006,Case Management,Female,27--29,Adult,,,RO,,,,,,,,,,,,,,,,,,1.0,,,,,,,,,,,0.0,0.0,0.0,0.0,0.0,0.0,0.0,0.0,0.0,0.0,0.0,0.0,0.0,,0.0,,,,,0.0,,RO,0.0,0.0,0.0,0.0,1.0,183,India,IND,2017,2037
2006,Case Management,Female,27--29,Adult,,,UA,,,,,,,,,,,,,,,,,,1.0,,0.0,1.0,0.0,0.0,0.0,0.0,0.0,,Sexual exploitation,0.0,0.0,0.0,0.0,0.0,0.0,0.0,0.0,0.0,0.0,0.0,0.0,0.0,,0.0,,,,,0.0,,PL,0.0,0.0,0.0,0.0,1.0,184,India,IND,2018,1587
2006,Case Management,Female,30--38,Adult,,,BY,,,,,,,,,,,,,,,,,,1.0,,1.0,0.0,0.0,0.0,0.0,0.0,0.0,,Forced labour,0.0,0.0,0.0,0.0,0.0,0.0,0.0,0.0,0.0,0.0,0.0,0.0,1.0,Not specified,0.0,,,,,0.0,,RU,0.0,0.0,0.0,0.0,1.0,185,India,IND,2019,1742
2006,Case Management,Female,30--38,Adult,,,BY,,,,,,,,,,,,,,,,,,1.0,,1.0,0.0,0.0,0.0,0.0,0.0,0.0,,Forced labour,0.0,0.0,0.0,0.0,0.0,0.0,0.0,0.0,0.0,0.0,0.0,0.0,0.0,,0.0,,,,,0.0,,RU,0.0,0.0,0.0,0.0,1.0,186,India,IND,2020,1377
2006,Case Management,Female,30--38,Adult,,,ID,,,,,,,,,,,,,,,,,,1.0,,1.0,0.0,0.0,0.0,0.0,0.0,0.0,,,0.0,0.0,0.0,0.0,1.0,0.0,0.0,0.0,0.0,0.0,0.0,0.0,0.0,Domestic work,0.0,,,,,0.0,,MY,0.0,0.0,0.0,0.0,1.0,187,India,IND,2021,1570
2006,Case Management,Female,30--38,Adult,,,ID,,,,,,,,,,,,,,,,,,1.0,,1.0,0.0,0.0,0.0,0.0,0.0,0.0,,Forced labour,0.0,0.0,0.0,0.0,1.0,0.0,0.0,0.0,0.0,0.0,0.0,0.0,0.0,Domestic work,0.0,,,,,0.0,,MY,0.0,0.0,0.0,0.0,1.0,188,India,IND,2022,1819
2006,Case Management,Female,30--38,Adult,,,ID,,,,,,,,,,,,,,,,,,1.0,,1.0,,,,,,,,,0.0,0.0,0.0,0.0,1.0,0.0,0.0,0.0,0.0,0.0,0.0,0.0,0.0,Domestic work,0.0,,,,,0.0,,ID,0.0,0.0,0.0,0.0,1.0,189,Indonesia,IDN,2018,10
2006,Case Management,Female,30--38,Adult,,,ID,,,,,,,,,,,,,,,,,,1.0,,1.0,,,,,,,,,0.0,0.0,0.0,0.0,1.0,0.0,0.0,0.0,0.0,0.0,0.0,0.0,0.0,Domestic work,0.0,,,,,0.0,,MY,0.0,0.0,0.0,0.0,1.0,190,Iraq,IRQ,2019,12
2006,Case Management,Female,30--38,Adult,,,ID,,,,,,,,,,,,,,,,,,1.0,,,,,,,,,,,0.0,0.0,0.0,0.0,0.0,0.0,0.0,0.0,0.0,0.0,0.0,0.0,0.0,,0.0,,,,,0.0,,MY,0.0,0.0,0.0,0.0,1.0,191,Ireland,IRL,2010,6
2006,Case Management,Female,30--38,Adult,,,MD,,,,,,,,,,,,,,,,,,1.0,,0.0,0.0,0.0,0.0,0.0,0.0,0.0,,,0.0,0.0,0.0,0.0,0.0,0.0,0.0,0.0,0.0,0.0,0.0,0.0,0.0,,0.0,,,,,0.0,,MD,0.0,0.0,0.0,0.0,1.0,192,Ireland,IRL,2012,13
2006,Case Management,Female,30--38,Adult,,,UA,,,,,,,,,,,,,,,,,,1.0,,0.0,1.0,0.0,0.0,0.0,0.0,0.0,,Sexual exploitation,0.0,0.0,0.0,0.0,0.0,0.0,0.0,0.0,0.0,0.0,0.0,0.0,0.0,,0.0,,,,,0.0,,PL,0.0,0.0,0.0,0.0,1.0,193,Ireland,IRL,2013,9
2006,Case Management,Female,30--38,Adult,,,UA,,,,,,,,,,,,,,,,,,1.0,,1.0,0.0,0.0,0.0,0.0,0.0,0.0,,Forced labour,0.0,0.0,0.0,0.0,0.0,0.0,0.0,0.0,0.0,0.0,0.0,0.0,0.0,,0.0,,,,,0.0,,PL,0.0,0.0,0.0,0.0,1.0,194,Ireland,IRL,2014,8
2006,Case Management,Female,30--38,Adult,,,UA,,,,,,,,,,,,,,,,,,1.0,,1.0,0.0,0.0,0.0,0.0,0.0,0.0,,Forced labour,0.0,0.0,0.0,0.0,0.0,0.0,0.0,0.0,0.0,0.0,0.0,0.0,1.0,Not specified,0.0,,,,,0.0,,PL,0.0,0.0,0.0,0.0,1.0,195,Ireland,IRL,2015,6
2006,Case Management,Female,39--47,Adult,,,BY,,,,,,,,,,,,,,,,,,1.0,,1.0,0.0,0.0,0.0,0.0,0.0,0.0,,Forced labour,0.0,0.0,0.0,0.0,0.0,0.0,0.0,0.0,0.0,0.0,0.0,0.0,1.0,Not specified,0.0,,,,,0.0,,RU,0.0,0.0,0.0,0.0,1.0,196,Ireland,IRL,2016,9
2006,Case Management,Female,39--47,Adult,,,BY,,,,,,,,,,,,,,,,,,1.0,,1.0,0.0,0.0,0.0,0.0,0.0,0.0,,Forced labour,0.0,0.0,0.0,0.0,0.0,0.0,0.0,0.0,0.0,0.0,0.0,0.0,0.0,,0.0,,,,,0.0,,RU,0.0,0.0,0.0,0.0,1.0,197,Ireland,IRL,2017,5
2006,Case Management,Female,39--47,Adult,,,ID,,,,,,,,,,,,,,,,,,1.0,,1.0,0.0,0.0,0.0,0.0,0.0,0.0,,,0.0,0.0,0.0,0.0,1.0,0.0,0.0,0.0,0.0,0.0,0.0,0.0,0.0,Domestic work,0.0,,,,,0.0,,MY,0.0,0.0,0.0,0.0,1.0,198,Italy,ITA,2012,102
2006,Case Management,Female,39--47,Adult,,,ID,,,,,,,,,,,,,,,,,,1.0,,1.0,0.0,0.0,0.0,0.0,0.0,0.0,,Forced labour,0.0,0.0,0.0,0.0,1.0,0.0,0.0,0.0,0.0,0.0,0.0,0.0,0.0,Domestic work,0.0,,,,,0.0,,MY,0.0,0.0,0.0,0.0,1.0,199,Italy,ITA,2013,92
2006,Case Management,Female,39--47,Adult,,,ID,,,,,,,,,,,,,,,,,,1.0,,,,,,,,,,,0.0,0.0,0.0,0.0,0.0,0.0,0.0,0.0,0.0,0.0,0.0,0.0,0.0,,0.0,,,,,0.0,,MY,0.0,0.0,0.0,0.0,1.0,200,Italy,ITA,2014,110
2006,Case Management,Female,39--47,Adult,,,UA,,,,,,,,,,,,,,,,,,1.0,,1.0,0.0,0.0,0.0,0.0,0.0,0.0,,Forced labour,0.0,0.0,0.0,0.0,0.0,0.0,0.0,0.0,0.0,0.0,0.0,0.0,1.0,Not specified,0.0,,,,,0.0,,PL,0.0,0.0,0.0,0.0,1.0,201,Italy,ITA,2015,89
2006,Case Management,Female,39--47,Adult,,,UA,,,,,,,,,,,,,,,,,,1.0,,1.0,0.0,0.0,0.0,0.0,0.0,0.0,,Forced labour,0.0,0.0,0.0,0.0,0.0,0.0,0.0,0.0,0.0,0.0,0.0,0.0,0.0,,0.0,,,,,0.0,,PL,0.0,0.0,0.0,0.0,1.0,202,Italy,ITA,2016,96
2006,Case Management,Female,9--17,Minor,Minor,Minor,ID,1.0,1.0,,1.0,,1.0,,1.0,,1.0,,1.0,,,,1.0,,0.0,Debt bondage;Excessive working hours;False promises;Physical Abuse;Restricts movement;Takes earnings;Threats;Withholds documents;Withholds necessities,1.0,0.0,0.0,0.0,0.0,0.0,0.0,,Forced labour,0.0,0.0,0.0,0.0,1.0,0.0,0.0,0.0,0.0,0.0,0.0,0.0,0.0,Domestic work,0.0,,,,,0.0,,MY,0.0,0.0,0.0,0.0,1.0,203,Italy,ITA,2017,74
2006,Case Management,Female,9--17,Minor,,,ID,,,,,,,,,,,,,,,,,,1.0,,1.0,0.0,0.0,0.0,0.0,0.0,0.0,,Forced labour,0.0,0.0,0.0,0.0,1.0,0.0,0.0,0.0,0.0,0.0,0.0,0.0,0.0,Domestic work,0.0,,,,,0.0,,MY,0.0,0.0,0.0,0.0,1.0,204,Italy,ITA,2018,79
2006,Case Management,Female,9--17,Minor,,,ID,,,,,,,,,,,,,,,,,,1.0,,1.0,0.0,0.0,0.0,0.0,0.0,0.0,,,0.0,0.0,0.0,0.0,1.0,0.0,0.0,0.0,0.0,0.0,0.0,0.0,0.0,Domestic work,0.0,,,,,0.0,,MY,0.0,0.0,0.0,0.0,1.0,205,Italy,ITA,2019,108
2006,Case Management,Female,9--17,Minor,,,ID,,,,,,,,,,,,,,,,,,1.0,,,,,,,,,,,0.0,0.0,0.0,0.0,0.0,0.0,0.0,0.0,0.0,0.0,0.0,0.0,0.0,,0.0,,,,,0.0,,MY,0.0,0.0,0.0,0.0,1.0,206,Italy,ITA,2020,100
2006,Case Management,Female,9--17,Minor,,,MD,,,,,,,,,,,,,,,,,,1.0,,0.0,0.0,0.0,0.0,0.0,0.0,0.0,,,0.0,0.0,0.0,0.0,0.0,0.0,0.0,0.0,0.0,0.0,0.0,0.0,0.0,,0.0,,,,,0.0,,MD,0.0,0.0,0.0,0.0,1.0,207,Italy,ITA,2021,96
2006,Case Management,Female,9--17,Minor,,,RO,,,,,,,,,,,,,,,,,,1.0,,,,,,,,,,,0.0,0.0,0.0,0.0,0.0,0.0,0.0,0.0,0.0,0.0,0.0,0.0,0.0,,0.0,,,,,0.0,,RO,0.0,0.0,0.0,0.0,1.0,208,Italy,ITA,2022,34
2006,Case Management,Male,18--20,Adult,,,BY,,,,,,,,,,,,,,,,,,1.0,,1.0,0.0,0.0,0.0,0.0,0.0,0.0,,Forced labour,0.0,0.0,0.0,0.0,0.0,0.0,0.0,0.0,0.0,0.0,0.0,0.0,0.0,,0.0,,,,,0.0,,RU,0.0,0.0,0.0,0.0,1.0,209,Jamaica,JAM,2012,21
2006,Case Management,Male,18--20,Adult,,,BY,,,,,,,,,,,,,,,,,,1.0,,1.0,0.0,0.0,0.0,0.0,0.0,0.0,,Forced labour,0.0,0.0,0.0,0.0,0.0,0.0,0.0,0.0,0.0,0.0,0.0,0.0,1.0,Not specified,0.0,,,,,0.0,,RU,0.0,0.0,0.0,0.0,1.0,210,Kazakhstan,KAZ,2017,6
2006,Case Management,Male,21--23,Adult,,,BY,,,,,,,,,,,,,,,,,,1.0,,1.0,0.0,0.0,0.0,0.0,0.0,0.0,,Forced labour,0.0,0.0,0.0,0.0,0.0,0.0,0.0,0.0,0.0,0.0,0.0,0.0,1.0,Not specified,0.0,,,,,0.0,,RU,0.0,0.0,0.0,0.0,1.0,211,Laos,LAO,2014,42
2006,Case Management,Male,21--23,Adult,,,BY,,,,,,,,,,,,,,,,,,1.0,,1.0,0.0,0.0,0.0,0.0,0.0,0.0,,Forced labour,0.0,0.0,0.0,0.0,0.0,0.0,0.0,0.0,0.0,0.0,0.0,0.0,0.0,,0.0,,,,,0.0,,RU,0.0,0.0,0.0,0.0,1.0,212,Laos,LAO,2015,23
2006,Case Management,Male,21--23,Adult,,,UA,,,,,,,,,,,,,,,,,,1.0,,1.0,0.0,0.0,0.0,0.0,0.0,0.0,,Forced labour,0.0,0.0,0.0,0.0,0.0,0.0,0.0,0.0,0.0,0.0,0.0,0.0,1.0,Not specified,0.0,,,,,0.0,,RU,0.0,0.0,0.0,0.0,1.0,213,Lebanon,LBN,2019,6
2006,Case Management,Male,21--23,Adult,,,UA,,,,,,,,,,,,,,,,,,1.0,,1.0,0.0,0.0,0.0,0.0,0.0,0.0,,Forced labour,0.0,0.0,0.0,0.0,0.0,0.0,0.0,0.0,0.0,0.0,0.0,0.0,0.0,,0.0,,,,,0.0,,RU,0.0,0.0,0.0,0.0,1.0,214,Lithuania,LTU,2015,5
2006,Case Management,Male,27--29,Adult,,,BY,,,,,,,,,,,,,,,,,,1.0,,1.0,0.0,0.0,0.0,0.0,0.0,0.0,,Forced labour,0.0,0.0,0.0,0.0,0.0,0.0,0.0,0.0,0.0,0.0,0.0,0.0,1.0,Not specified,0.0,,,,,0.0,,RU,0.0,0.0,0.0,0.0,1.0,215,Malaysia,MYS,2017,56
2006,Case Management,Male,27--29,Adult,,,BY,,,,,,,,,,,,,,,,,,1.0,,1.0,0.0,0.0,0.0,0.0,0.0,0.0,,Forced labour,0.0,0.0,0.0,0.0,0.0,0.0,0.0,0.0,0.0,0.0,0.0,0.0,0.0,,0.0,,,,,0.0,,RU,0.0,0.0,0.0,0.0,1.0,216,Malaysia,MYS,2018,11
2006,Case Management,Male,27--29,Adult,,,UA,,,,,,,,,,,,,,,,,,1.0,,1.0,0.0,0.0,0.0,0.0,0.0,0.0,,Forced labour,0.0,0.0,0.0,0.0,0.0,0.0,0.0,0.0,0.0,0.0,0.0,0.0,1.0,Not specified,0.0,,,,,0.0,,RU,0.0,0.0,0.0,0.0,1.0,217,Malaysia,MYS,2021,33
2006,Case Management,Male,27--29,Adult,,,UA,,,,,,,,,,,,,,,,,,1.0,,1.0,0.0,0.0,0.0,0.0,0.0,0.0,,Forced labour,0.0,0.0,0.0,0.0,0.0,0.0,0.0,0.0,0.0,0.0,0.0,0.0,0.0,,0.0,,,,,0.0,,RU,0.0,0.0,0.0,0.0,1.0,218,Malaysia,MYS,2022,6
2006,Case Management,Male,30--38,Adult,,,BY,,,,,,,,,,,,,,,,,,1.0,,1.0,0.0,0.0,0.0,0.0,0.0,0.0,,Forced labour,0.0,0.0,0.0,0.0,0.0,0.0,0.0,0.0,0.0,0.0,0.0,0.0,0.0,,0.0,,,,,0.0,,RU,0.0,0.0,0.0,0.0,1.0,219,Mali,MLI,2007,5
2006,Case Management,Male,30--38,Adult,,,BY,,,,,,,,,,,,,,,,,,1.0,,1.0,0.0,0.0,0.0,0.0,0.0,0.0,,Forced labour,0.0,0.0,0.0,0.0,0.0,0.0,0.0,0.0,0.0,0.0,0.0,0.0,1.0,Not specified,0.0,,,,,0.0,,RU,0.0,0.0,0.0,0.0,1.0,220,Mali,MLI,2017,24
2006,Case Management,Male,30--38,Adult,,,UA,,,,,,,,,,,,,,,,,,1.0,,1.0,0.0,0.0,0.0,0.0,0.0,0.0,,Forced labour,0.0,0.0,0.0,0.0,0.0,0.0,0.0,0.0,0.0,0.0,0.0,0.0,1.0,Not specified,0.0,,,,,0.0,,PL,0.0,0.0,0.0,0.0,1.0,221,Mauritius,MUS,2015,10
2006,Case Management,Male,30--38,Adult,,,UA,,,,,,,,,,,,,,,,,,1.0,,1.0,0.0,0.0,0.0,0.0,0.0,0.0,,Forced labour,0.0,0.0,0.0,0.0,0.0,0.0,0.0,0.0,0.0,0.0,0.0,0.0,0.0,,0.0,,,,,0.0,,PL,0.0,0.0,0.0,0.0,1.0,222,Mexico,MEX,2008,14
2006,Case Management,Male,30--38,Adult,,,UA,,,,,,,,,,,,,,,,,,1.0,,1.0,0.0,0.0,0.0,0.0,0.0,0.0,,Forced labour,0.0,0.0,0.0,0.0,0.0,0.0,0.0,0.0,0.0,0.0,0.0,0.0,1.0,Not specified,0.0,,,,,0.0,,RU,0.0,0.0,0.0,0.0,1.0,223,Mexico,MEX,2010,26
2006,Case Management,Male,30--38,Adult,,,UA,,,,,,,,,,,,,,,,,,1.0,,1.0,0.0,0.0,0.0,0.0,0.0,0.0,,Forced labour,0.0,0.0,0.0,0.0,0.0,0.0,0.0,0.0,0.0,0.0,0.0,0.0,0.0,,0.0,,,,,0.0,,RU,0.0,0.0,0.0,0.0,1.0,224,Mexico,MEX,2011,15
2006,Case Management,Male,39--47,Adult,,,BY,,,,,,,,,,,,,,,,,,1.0,,1.0,0.0,0.0,0.0,0.0,0.0,0.0,,Forced labour,0.0,0.0,0.0,0.0,0.0,0.0,0.0,0.0,0.0,0.0,0.0,0.0,0.0,,0.0,,,,,0.0,,RU,0.0,0.0,0.0,0.0,1.0,225,Mexico,MEX,2014,12
2006,Case Management,Male,39--47,Adult,,,BY,,,,,,,,,,,,,,,,,,1.0,,1.0,0.0,0.0,0.0,0.0,0.0,0.0,,Forced labour,0.0,0.0,0.0,0.0,0.0,0.0,0.0,0.0,0.0,0.0,0.0,0.0,1.0,Not specified,0.0,,,,,0.0,,RU,0.0,0.0,0.0,0.0,1.0,226,Mexico,MEX,2015,368
2006,Case Management,Male,39--47,Adult,,,UA,,,,,,,,,,,,,,,,,,1.0,,1.0,0.0,0.0,0.0,0.0,0.0,0.0,,Forced labour,0.0,0.0,0.0,0.0,0.0,0.0,0.0,0.0,0.0,0.0,0.0,0.0,0.0,,0.0,,,,,0.0,,RU,0.0,0.0,0.0,0.0,1.0,227,Mexico,MEX,2016,41
2006,Case Management,Male,39--47,Adult,,,UA,,,,,,,,,,,,,,,,,,1.0,,1.0,0.0,0.0,0.0,0.0,0.0,0.0,,Forced labour,0.0,0.0,0.0,0.0,0.0,0.0,0.0,0.0,0.0,0.0,0.0,0.0,1.0,Not specified,0.0,,,,,0.0,,RU,0.0,0.0,0.0,0.0,1.0,228,Mexico,MEX,2017,90
2006,Case Management,Male,48+,Adult,,,BY,,,,,,,,,,,,,,,,,,1.0,,1.0,0.0,0.0,0.0,0.0,0.0,0.0,,Forced labour,0.0,0.0,0.0,0.0,0.0,0.0,0.0,0.0,0.0,0.0,0.0,0.0,1.0,Not specified,0.0,,,,,0.0,,RU,0.0,0.0,0.0,0.0,1.0,229,Mexico,MEX,2018,87
2006,Case Management,Male,48+,Adult,,,BY,,,,,,,,,,,,,,,,,,1.0,,1.0,0.0,0.0,0.0,0.0,0.0,0.0,,Forced labour,0.0,0.0,0.0,0.0,0.0,0.0,0.0,0.0,0.0,0.0,0.0,0.0,0.0,,0.0,,,,,0.0,,RU,0.0,0.0,0.0,0.0,1.0,230,Mexico,MEX,2020,55
2006,Case Management,Male,9--17,Minor,,,GH,,,,,,,,,,,,,,,,,,1.0,,1.0,0.0,0.0,0.0,0.0,0.0,0.0,,Forced labour,0.0,0.0,0.0,0.0,0.0,0.0,0.0,0.0,0.0,0.0,0.0,1.0,1.0,Other;Not specified,0.0,,,,,0.0,,GH,0.0,0.0,0.0,0.0,1.0,231,Mexico,MEX,2021,5
2006,Case Management,Male,9--17,Minor,,,GH,,,,,,,,,,,,,,,,,,1.0,,1.0,0.0,0.0,0.0,0.0,0.0,0.0,,Forced labour,0.0,0.0,0.0,0.0,0.0,0.0,0.0,0.0,0.0,0.0,0.0,0.0,1.0,Not specified,0.0,,,,,0.0,,GH,0.0,0.0,0.0,0.0,1.0,232,Mexico,MEX,2022,17
2006,Case Management,Male,9--17,Minor,,,MD,,,,,,,,,,,,,,,,,,1.0,,0.0,0.0,0.0,0.0,0.0,0.0,0.0,,,0.0,0.0,0.0,0.0,0.0,0.0,0.0,0.0,0.0,0.0,0.0,0.0,0.0,,0.0,,,,,0.0,,MD,0.0,0.0,0.0,0.0,1.0,233,Moldova,MDA,2011,7
2007,Case Management,Female,0--8,Minor,,,CD,,,,,,,,,,,,,,,,,,1.0,,,,,,,,,,,0.0,0.0,0.0,0.0,0.0,0.0,0.0,0.0,0.0,0.0,0.0,0.0,0.0,,0.0,,,,,0.0,,UG,0.0,0.0,0.0,0.0,1.0,234,Moldova,MDA,2012,6
2007,Case Management,Female,0--8,Minor,,,MD,,,,,,,,,,,,,,,,,,1.0,,,,,,,,,,,0.0,0.0,0.0,0.0,0.0,0.0,0.0,0.0,0.0,0.0,0.0,0.0,0.0,,0.0,,,,,0.0,,MD,0.0,0.0,0.0,0.0,1.0,235,Moldova,MDA,2013,8
2007,Case Management,Female,18--20,Adult,,,BG,,,,,,,,,,,,,,,,,,1.0,,,,,,,,,,,0.0,0.0,0.0,0.0,0.0,0.0,0.0,0.0,0.0,0.0,0.0,0.0,0.0,,0.0,,,,,0.0,,BG,0.0,0.0,0.0,0.0,1.0,236,Moldova,MDA,2017,17
2007,Case Management,Female,18--20,Adult,,,BY,,,,,,,,,,,,,,,,,,1.0,,0.0,1.0,0.0,0.0,0.0,0.0,0.0,,Sexual exploitation,0.0,0.0,0.0,0.0,0.0,0.0,0.0,0.0,0.0,0.0,0.0,0.0,0.0,,0.0,,,,,0.0,,RU,0.0,0.0,0.0,0.0,1.0,237,Moldova,MDA,2018,11
2007,Case Management,Female,18--20,Adult,,,ID,,,,,,,,,,,,,,,,,,1.0,,,,,,,,,,,0.0,0.0,0.0,0.0,0.0,0.0,0.0,0.0,0.0,0.0,0.0,0.0,0.0,,0.0,,,,,0.0,,MY,0.0,0.0,0.0,0.0,1.0,238,Moldova,MDA,2019,18
2007,Case Management,Female,18--20,Adult,,,MD,,,,,,,,,,,,,,,,,,1.0,,,,,,,,,,,0.0,0.0,0.0,0.0,0.0,0.0,0.0,0.0,0.0,0.0,0.0,0.0,0.0,,0.0,,,,,0.0,,MD,0.0,0.0,0.0,0.0,1.0,239,Moldova,MDA,2022,43
2007,Case Management,Female,18--20,Adult,,,RO,,,,,,,,,,,,,,,,,,1.0,,,,,,,,,,,0.0,0.0,0.0,0.0,0.0,0.0,0.0,0.0,0.0,0.0,0.0,0.0,0.0,,0.0,,,,,0.0,,RO,0.0,0.0,0.0,0.0,1.0,240,Morocco,MAR,2017,9
2007,Case Management,Female,18--20,Adult,,,UA,,,,,,,,,,,,,,,,,,1.0,,0.0,1.0,0.0,0.0,0.0,0.0,0.0,,Sexual exploitation,0.0,0.0,0.0,0.0,0.0,0.0,0.0,0.0,0.0,0.0,0.0,0.0,0.0,,0.0,,,,,0.0,,AE,0.0,0.0,0.0,0.0,1.0,241,Morocco,MAR,2020,37
2007,Case Management,Female,18--20,Adult,,,UA,,,,,,,,,,,,,,,,,,1.0,,0.0,1.0,0.0,0.0,0.0,0.0,0.0,,Sexual exploitation,0.0,0.0,0.0,0.0,0.0,0.0,0.0,0.0,0.0,0.0,0.0,0.0,0.0,,0.0,,,,,0.0,,PL,0.0,0.0,0.0,0.0,1.0,242,Morocco,MAR,2021,15
2007,Case Management,Female,18--20,Adult,,,UA,,,,,,,,,,,,,,,,,,1.0,,0.0,1.0,0.0,0.0,0.0,0.0,0.0,,Sexual exploitation,0.0,0.0,0.0,0.0,0.0,0.0,0.0,0.0,0.0,0.0,0.0,0.0,0.0,,0.0,,,,,0.0,,RU,0.0,0.0,0.0,0.0,1.0,243,Mozambique,MOZ,2012,10
2007,Case Management,Female,18--20,Adult,,,UA,,,,,,,,,,,,,,,,,,1.0,,0.0,1.0,0.0,0.0,0.0,0.0,0.0,,Sexual exploitation,0.0,0.0,0.0,0.0,0.0,0.0,0.0,0.0,0.0,0.0,0.0,0.0,0.0,,0.0,,,,,0.0,,TR,0.0,0.0,0.0,0.0,1.0,244,Myanmar,MMR,2010,29
2007,Case Management,Female,21--23,Adult,,,BG,,,,,,,,,,,,,,,,,,1.0,,,,,,,,,,,0.0,0.0,0.0,0.0,0.0,0.0,0.0,0.0,0.0,0.0,0.0,0.0,0.0,,0.0,,,,,0.0,,BG,0.0,0.0,0.0,0.0,1.0,245,Myanmar,MMR,2011,9
2007,Case Management,Female,21--23,Adult,,,ID,,,,,,,,,,,,,,,,,,1.0,,,,,,,,,,,0.0,0.0,0.0,0.0,0.0,0.0,0.0,0.0,0.0,0.0,0.0,0.0,0.0,,0.0,,,,,0.0,,MY,0.0,0.0,0.0,0.0,1.0,246,Myanmar,MMR,2015,46
2007,Case Management,Female,21--23,Adult,,,MD,,,,,,,,,,,,,,,,,,1.0,,,,,,,,,,,0.0,0.0,0.0,0.0,0.0,0.0,0.0,0.0,0.0,0.0,0.0,0.0,0.0,,0.0,,,,,0.0,,MD,0.0,0.0,0.0,0.0,1.0,247,Myanmar,MMR,2016,15
2007,Case Management,Female,21--23,Adult,,,RO,,,,,,,,,,,,,,,,,,1.0,,,,,,,,,,,0.0,0.0,0.0,0.0,0.0,0.0,0.0,0.0,0.0,0.0,0.0,0.0,0.0,,0.0,,,,,0.0,,RO,0.0,0.0,0.0,0.0,1.0,248,Myanmar,MMR,2017,12
2007,Case Management,Female,21--23,Adult,,,UA,,,,,,,,,,,,,,,,,,1.0,,0.0,1.0,0.0,0.0,0.0,0.0,0.0,,Sexual exploitation,0.0,0.0,0.0,0.0,0.0,0.0,0.0,0.0,0.0,0.0,0.0,0.0,0.0,,0.0,,,,,0.0,,AE,0.0,0.0,0.0,0.0,1.0,249,Myanmar,MMR,2019,72
2007,Case Management,Female,21--23,Adult,,,UA,,,,,,,,,,,,,,,,,,1.0,,0.0,1.0,0.0,0.0,0.0,0.0,0.0,,Sexual exploitation,0.0,0.0,0.0,0.0,0.0,0.0,0.0,0.0,0.0,0.0,0.0,0.0,0.0,,0.0,,,,,0.0,,PL,0.0,0.0,0.0,0.0,1.0,250,Namibia,NAM,2018,8
2007,Case Management,Female,21--23,Adult,,,UA,,,,,,,,,,,,,,,,,,1.0,,0.0,1.0,0.0,0.0,0.0,0.0,0.0,,Sexual exploitation,0.0,0.0,0.0,0.0,0.0,0.0,0.0,0.0,0.0,0.0,0.0,0.0,0.0,,0.0,,,,,0.0,,RU,0.0,0.0,0.0,0.0,1.0,251,Namibia,NAM,2019,10
2007,Case Management,Female,21--23,Adult,,,UA,,,,,,,,,,,,,,,,,,1.0,,0.0,1.0,0.0,0.0,0.0,0.0,0.0,,Sexual exploitation,0.0,0.0,0.0,0.0,0.0,0.0,0.0,0.0,0.0,0.0,0.0,0.0,0.0,,0.0,,,,,0.0,,TR,0.0,0.0,0.0,0.0,1.0,252,Nepal,NPL,2009,6
2007,Case Management,Female,21--23,Adult,,,UA,,,,,,,,,,,,,,,,,,1.0,,0.0,1.0,0.0,0.0,0.0,0.0,0.0,,Sexual exploitation,0.0,0.0,0.0,0.0,0.0,0.0,0.0,0.0,0.0,0.0,0.0,0.0,0.0,,,,,,,0.0,,UA,0.0,0.0,0.0,0.0,1.0,253,Nepal,NPL,2018,50
2007,Case Management,Female,21--23,Adult,Adult,Adult,UA,,1.0,,1.0,1.0,1.0,1.0,1.0,,1.0,1.0,,,,1.0,1.0,,0.0,False promises;Physical Abuse;Psychological abuse;Restricts medical care;Restricts movement;Sexual abuse;Takes earnings;Threats;Withholds documents;Withholds necessities,0.0,1.0,0.0,0.0,0.0,0.0,0.0,,Sexual exploitation,0.0,0.0,0.0,0.0,0.0,0.0,0.0,0.0,0.0,0.0,0.0,0.0,0.0,,,,,,,0.0,,UA,0.0,0.0,0.0,0.0,1.0,254,Nepal,NPL,2020,396
2007,Case Management,Female,21--23,Adult,,,UA,,,,,,,,,,,,,,,,,,1.0,,1.0,1.0,0.0,0.0,0.0,0.0,0.0,,Sexual exploitation,0.0,0.0,0.0,0.0,0.0,0.0,0.0,0.0,0.0,0.0,0.0,0.0,1.0,Not specified,0.0,,,,,0.0,,RU,0.0,0.0,0.0,0.0,1.0,255,Netherlands,NLD,2007,16
2007,Case Management,Female,21--23,Adult,,,UA,,,,,,,,,,,,,,,,,,1.0,,1.0,1.0,0.0,0.0,0.0,0.0,0.0,,Sexual exploitation,0.0,0.0,0.0,0.0,0.0,0.0,0.0,0.0,0.0,0.0,0.0,0.0,1.0,Not specified,0.0,,,,,0.0,,TR,0.0,0.0,0.0,0.0,1.0,256,Netherlands,NLD,2008,5
2007,Case Management,Female,21--23,Adult,,,UA,,,,,,,,,,,,,,,,,,1.0,,1.0,1.0,0.0,0.0,0.0,0.0,0.0,,Sexual exploitation,0.0,0.0,0.0,0.0,0.0,0.0,0.0,0.0,0.0,0.0,0.0,1.0,1.0,Other;Not specified,0.0,,,,,0.0,,TR,0.0,0.0,0.0,0.0,1.0,257,Netherlands,NLD,2009,7
2007,Case Management,Female,24--26,Adult,,,BG,,,,,,,,,,,,,,,,,,1.0,,,,,,,,,,,0.0,0.0,0.0,0.0,0.0,0.0,0.0,0.0,0.0,0.0,0.0,0.0,0.0,,0.0,,,,,0.0,,BG,0.0,0.0,0.0,0.0,1.0,258,Netherlands,NLD,2010,7
2007,Case Management,Female,24--26,Adult,,,MD,,,,,,,,,,,,,,,,,,1.0,,,,,,,,,,,0.0,0.0,0.0,0.0,0.0,0.0,0.0,0.0,0.0,0.0,0.0,0.0,0.0,,0.0,,,,,0.0,,MD,0.0,0.0,0.0,0.0,1.0,259,Netherlands,NLD,2011,10
2007,Case Management,Female,24--26,Adult,,,UA,,,,,,,,,,,,,,,,,,1.0,,0.0,1.0,0.0,0.0,0.0,0.0,0.0,,Sexual exploitation,0.0,0.0,0.0,0.0,0.0,0.0,0.0,0.0,0.0,0.0,0.0,0.0,0.0,,0.0,,,,,0.0,,CZ,0.0,0.0,0.0,0.0,1.0,260,Netherlands,NLD,2012,25
2007,Case Management,Female,24--26,Adult,,,UA,,,,,,,,,,,,,,,,,,1.0,,0.0,1.0,0.0,0.0,0.0,0.0,0.0,,Sexual exploitation,0.0,0.0,0.0,0.0,0.0,0.0,0.0,0.0,0.0,0.0,0.0,0.0,0.0,,0.0,,,,,0.0,,PL,0.0,0.0,0.0,0.0,1.0,261,Netherlands,NLD,2013,32
2007,Case Management,Female,24--26,Adult,,,UA,,,,,,,,,,,,,,,,,,1.0,,0.0,1.0,0.0,0.0,0.0,0.0,0.0,,Sexual exploitation,0.0,0.0,0.0,0.0,0.0,0.0,0.0,0.0,0.0,0.0,0.0,0.0,0.0,,,,,,,0.0,,UA,0.0,0.0,0.0,0.0,1.0,262,Netherlands,NLD,2014,65
2007,Case Management,Female,24--26,Adult,Adult,Adult,UA,,,,1.0,1.0,1.0,1.0,1.0,,1.0,,,,,,1.0,,0.0,False promises;Physical Abuse;Psychological abuse;Restricts movement;Sexual abuse;Threats;Withholds documents,0.0,1.0,0.0,0.0,0.0,0.0,0.0,,Sexual exploitation,0.0,0.0,0.0,0.0,0.0,0.0,0.0,0.0,0.0,0.0,0.0,0.0,0.0,,,,,,,0.0,,UA,0.0,0.0,0.0,0.0,1.0,263,Netherlands,NLD,2015,70
2007,Case Management,Female,24--26,Adult,Adult,Adult,UA,,1.0,,1.0,1.0,1.0,1.0,1.0,1.0,1.0,1.0,,,,1.0,1.0,,0.0,False promises;Physical Abuse;Psychoactive substances;Psychological abuse;Restricts medical care;Restricts movement;Sexual abuse;Takes earnings;Threats;Withholds documents;Withholds necessities,0.0,1.0,0.0,0.0,0.0,0.0,0.0,,Sexual exploitation,0.0,0.0,0.0,0.0,0.0,0.0,0.0,0.0,0.0,0.0,0.0,0.0,0.0,,,,,,,0.0,,UA,0.0,0.0,0.0,0.0,1.0,264,Netherlands,NLD,2016,54
2007,Case Management,Female,27--29,Adult,,,BG,,,,,,,,,,,,,,,,,,1.0,,,,,,,,,,,0.0,0.0,0.0,0.0,0.0,0.0,0.0,0.0,0.0,0.0,0.0,0.0,0.0,,0.0,,,,,0.0,,BG,0.0,0.0,0.0,0.0,1.0,265,Netherlands,NLD,2017,39
2007,Case Management,Female,27--29,Adult,,,ID,,,,,,,,,,,,,,,,,,1.0,,,,,,,,,,,0.0,0.0,0.0,0.0,0.0,0.0,0.0,0.0,0.0,0.0,0.0,0.0,0.0,,0.0,,,,,0.0,,MY,0.0,0.0,0.0,0.0,1.0,266,Netherlands,NLD,2018,10
2007,Case Management,Female,27--29,Adult,,,MD,,,,,,,,,,,,,,,,,,1.0,,,,,,,,,,,0.0,0.0,0.0,0.0,0.0,0.0,0.0,0.0,0.0,0.0,0.0,0.0,0.0,,0.0,,,,,0.0,,MD,0.0,0.0,0.0,0.0,1.0,267,Netherlands,NLD,2021,9
2007,Case Management,Female,27--29,Adult,,,UA,,,,,,,,,,,,,,,,,,1.0,,0.0,1.0,0.0,0.0,0.0,0.0,0.0,,Sexual exploitation,0.0,0.0,0.0,0.0,0.0,0.0,0.0,0.0,0.0,0.0,0.0,0.0,0.0,,0.0,,,,,0.0,,CZ,0.0,0.0,0.0,0.0,1.0,268,Netherlands,NLD,2022,13
2007,Case Management,Female,27--29,Adult,,,UA,,,,,,,,,,,,,,,,,,1.0,,0.0,1.0,0.0,0.0,0.0,0.0,0.0,,Sexual exploitation,0.0,0.0,0.0,0.0,0.0,0.0,0.0,0.0,0.0,0.0,0.0,0.0,0.0,,0.0,,,,,0.0,,PL,0.0,0.0,0.0,0.0,1.0,269,Niger,NER,2015,18
2007,Case Management,Female,30--38,Adult,,,BG,,,,,,,,,,,,,,,,,,1.0,,,,,,,,,,,0.0,0.0,0.0,0.0,0.0,0.0,0.0,0.0,0.0,0.0,0.0,0.0,0.0,,0.0,,,,,0.0,,BG,0.0,0.0,0.0,0.0,1.0,270,Niger,NER,2016,18
2007,Case Management,Female,30--38,Adult,,,ID,,,,,,,,,,,,,,,,,,1.0,,,,,,,,,,,0.0,0.0,0.0,0.0,0.0,0.0,0.0,0.0,0.0,0.0,0.0,0.0,0.0,,0.0,,,,,0.0,,MY,0.0,0.0,0.0,0.0,1.0,271,Niger,NER,2017,44
2007,Case Management,Female,30--38,Adult,,,MD,,,,,,,,,,,,,,,,,,1.0,,,,,,,,,,,0.0,0.0,0.0,0.0,0.0,0.0,0.0,0.0,0.0,0.0,0.0,0.0,0.0,,0.0,,,,,0.0,,MD,0.0,0.0,0.0,0.0,1.0,272,Niger,NER,2018,7
2007,Case Management,Female,30--38,Adult,,,UA,,,,,,,,,,,,,,,,,,1.0,,0.0,1.0,0.0,0.0,0.0,0.0,0.0,,Sexual exploitation,0.0,0.0,0.0,0.0,0.0,0.0,0.0,0.0,0.0,0.0,0.0,0.0,0.0,,0.0,,,,,0.0,,PL,0.0,0.0,0.0,0.0,1.0,273,Niger,NER,2022,27
2007,Case Management,Female,30--38,Adult,,,UA,,,,,,,,,,,,,,,,,,1.0,,0.0,1.0,0.0,0.0,0.0,0.0,0.0,,Sexual exploitation,0.0,0.0,0.0,0.0,0.0,0.0,0.0,0.0,0.0,0.0,0.0,0.0,0.0,,,,,,,0.0,,UA,0.0,0.0,0.0,0.0,1.0,274,Nigeria,NGA,2010,170
2007,Case Management,Female,30--38,Adult,Adult,Adult,UA,,1.0,,1.0,,1.0,1.0,1.0,1.0,1.0,1.0,,,,1.0,1.0,,0.0,False promises;Physical Abuse;Psychoactive substances;Restricts medical care;Restricts movement;Sexual abuse;Takes earnings;Threats;Withholds documents;Withholds necessities,0.0,1.0,0.0,0.0,0.0,0.0,0.0,,Sexual exploitation,0.0,0.0,0.0,0.0,0.0,0.0,0.0,0.0,0.0,0.0,0.0,0.0,0.0,,,,,,,0.0,,UA,0.0,0.0,0.0,0.0,1.0,275,Nigeria,NGA,2011,141
2007,Case Management,Female,30--38,Adult,,,UA,,,,,,,,,,,,,,,,,,1.0,,1.0,0.0,0.0,0.0,0.0,0.0,0.0,,Forced labour,0.0,0.0,0.0,0.0,0.0,0.0,0.0,0.0,0.0,0.0,0.0,0.0,0.0,,0.0,,,,,0.0,,AT,0.0,0.0,0.0,0.0,1.0,276,Nigeria,NGA,2012,105
2007,Case Management,Female,30--38,Adult,,,UA,,,,,,,,,,,,,,,,,,1.0,,1.0,0.0,0.0,0.0,0.0,0.0,0.0,,Forced labour,0.0,0.0,0.0,0.0,0.0,0.0,0.0,0.0,0.0,0.0,0.0,0.0,1.0,Not specified,0.0,,,,,0.0,,RU,0.0,0.0,0.0,0.0,1.0,277,Nigeria,NGA,2013,387
2007,Case Management,Female,30--38,Adult,,,UA,,,,,,,,,,,,,,,,,,1.0,,1.0,0.0,0.0,0.0,0.0,0.0,0.0,,Forced labour,0.0,0.0,0.0,0.0,0.0,0.0,0.0,0.0,0.0,0.0,0.0,0.0,0.0,,0.0,,,,,0.0,,RU,0.0,0.0,0.0,0.0,1.0,278,Nigeria,NGA,2014,458
2007,Case Management,Female,30--38,Adult,,,UA,,,,,,,,,,,,,,,,,,1.0,,,,,,,,,,,0.0,0.0,0.0,0.0,0.0,0.0,0.0,0.0,0.0,0.0,0.0,0.0,0.0,,0.0,,,,,0.0,,UA,0.0,0.0,0.0,0.0,1.0,279,Nigeria,NGA,2015,288
2007,Case Management,Female,39--47,Adult,,,ID,,,,,,,,,,,,,,,,,,1.0,,,,,,,,,,,0.0,0.0,0.0,0.0,0.0,0.0,0.0,0.0,0.0,0.0,0.0,0.0,0.0,,0.0,,,,,0.0,,MY,0.0,0.0,0.0,0.0,1.0,280,Nigeria,NGA,2016,112
2007,Case Management,Female,39--47,Adult,,,UA,,,,,,,,,,,,,,,,,,1.0,,1.0,0.0,0.0,0.0,0.0,0.0,0.0,,Forced labour,0.0,0.0,0.0,0.0,0.0,0.0,0.0,0.0,0.0,0.0,0.0,0.0,0.0,,0.0,,,,,0.0,,AT,0.0,0.0,0.0,0.0,1.0,281,Nigeria,NGA,2017,360
2007,Case Management,Female,39--47,Adult,,,UA,,,,,,,,,,,,,,,,,,1.0,,1.0,0.0,0.0,0.0,0.0,0.0,0.0,,Forced labour,0.0,0.0,0.0,0.0,0.0,0.0,0.0,0.0,0.0,0.0,0.0,0.0,0.0,,0.0,,,,,0.0,,RU,0.0,0.0,0.0,0.0,1.0,282,Nigeria,NGA,2018,139
2007,Case Management,Female,39--47,Adult,,,UA,,,,,,,,,,,,,,,,,,1.0,,1.0,0.0,0.0,0.0,0.0,0.0,0.0,,Forced labour,0.0,0.0,0.0,0.0,0.0,0.0,0.0,0.0,0.0,0.0,0.0,0.0,1.0,Not specified,0.0,,,,,0.0,,RU,0.0,0.0,0.0,0.0,1.0,283,Nigeria,NGA,2019,150
2007,Case Management,Female,9--17,Minor,,,BG,,,,,,,,,,,,,,,,,,1.0,,,,,,,,,,,0.0,0.0,0.0,0.0,0.0,0.0,0.0,0.0,0.0,0.0,0.0,0.0,0.0,,0.0,,,,,0.0,,BG,0.0,0.0,0.0,0.0,1.0,284,Nigeria,NGA,2020,154
2007,Case Management,Female,9--17,Minor,,,ID,,,,,,,,,,,,,,,,,,1.0,,,,,,,,,,,0.0,0.0,0.0,0.0,0.0,0.0,0.0,0.0,0.0,0.0,0.0,0.0,0.0,,0.0,,,,,0.0,,MY,0.0,0.0,0.0,0.0,1.0,285,Nigeria,NGA,2021,585
2007,Case Management,Female,9--17,Minor,,,MD,,,,,,,,,,,,,,,,,,1.0,,,,,,,,,,,0.0,0.0,0.0,0.0,0.0,0.0,0.0,0.0,0.0,0.0,0.0,0.0,0.0,,0.0,,,,,0.0,,MD,0.0,0.0,0.0,0.0,1.0,286,Nigeria,NGA,2022,245
2007,Case Management,Female,9--17,Minor,,,ML,,,,,,,,,,,,,,,,,,1.0,,,,,,,,,,,0.0,0.0,0.0,0.0,0.0,0.0,0.0,0.0,0.0,0.0,0.0,0.0,0.0,,0.0,,,,,0.0,,SN,0.0,0.0,0.0,0.0,1.0,287,North Macedonia,MKD,2020,6
2007,Case Management,Male,0--8,Minor,,,CD,,,,,,,,,,,,,,,,,,1.0,,,,,,,,,,,0.0,0.0,0.0,0.0,0.0,0.0,0.0,0.0,0.0,0.0,0.0,0.0,0.0,,0.0,,,,,0.0,,UG,0.0,0.0,0.0,0.0,1.0,288,Norway,NOR,2007,19
2007,Case Management,Male,0--8,Minor,,,GW,,,,,,,,,,,,,,,,,,1.0,,,,,,,,,,,0.0,0.0,0.0,0.0,0.0,0.0,0.0,0.0,0.0,0.0,0.0,0.0,0.0,,0.0,,,,,0.0,,SN,0.0,0.0,0.0,0.0,1.0,289,Norway,NOR,2008,45
2007,Case Management,Male,0--8,Minor,,,MD,,,,,,,,,,,,,,,,,,1.0,,,,,,,,,,,0.0,0.0,0.0,0.0,0.0,0.0,0.0,0.0,0.0,0.0,0.0,0.0,0.0,,0.0,,,,,0.0,,MD,0.0,0.0,0.0,0.0,1.0,290,Norway,NOR,2009,19
2007,Case Management,Male,18--20,Adult,,,UA,,,,,,,,,,,,,,,,,,1.0,,1.0,0.0,0.0,0.0,0.0,0.0,0.0,,Forced labour,0.0,0.0,0.0,0.0,0.0,0.0,0.0,0.0,0.0,0.0,0.0,0.0,1.0,Not specified,0.0,,,,,0.0,,RU,0.0,0.0,0.0,0.0,1.0,291,Norway,NOR,2011,26
2007,Case Management,Male,18--20,Adult,,,UA,,,,,,,,,,,,,,,,,,1.0,,1.0,0.0,0.0,0.0,0.0,0.0,0.0,,Forced labour,0.0,0.0,0.0,0.0,0.0,0.0,0.0,0.0,0.0,0.0,0.0,0.0,0.0,,0.0,,,,,0.0,,RU,0.0,0.0,0.0,0.0,1.0,292,Norway,NOR,2012,30
2007,Case Management,Male,21--23,Adult,,,UA,,,,,,,,,,,,,,,,,,1.0,,1.0,0.0,0.0,0.0,0.0,0.0,0.0,,Forced labour,0.0,0.0,0.0,0.0,0.0,0.0,0.0,0.0,0.0,0.0,0.0,0.0,1.0,Not specified,0.0,,,,,0.0,,RU,0.0,0.0,0.0,0.0,1.0,293,Norway,NOR,2013,10
2007,Case Management,Male,21--23,Adult,,,UA,,,,,,,,,,,,,,,,,,1.0,,1.0,0.0,0.0,0.0,0.0,0.0,0.0,,Forced labour,0.0,0.0,0.0,0.0,0.0,0.0,0.0,0.0,0.0,0.0,0.0,0.0,0.0,,0.0,,,,,0.0,,RU,0.0,0.0,0.0,0.0,1.0,294,Norway,NOR,2014,18
2007,Case Management,Male,24--26,Adult,,,UA,,,,,,,,,,,,,,,,,,1.0,,1.0,0.0,0.0,0.0,0.0,0.0,0.0,,Forced labour,0.0,0.0,0.0,0.0,0.0,0.0,0.0,0.0,0.0,0.0,0.0,0.0,1.0,Not specified,0.0,,,,,0.0,,RU,0.0,0.0,0.0,0.0,1.0,295,Norway,NOR,2015,15
2007,Case Management,Male,24--26,Adult,,,UA,,,,,,,,,,,,,,,,,,1.0,,1.0,0.0,0.0,0.0,0.0,0.0,0.0,,Forced labour,0.0,0.0,0.0,0.0,0.0,0.0,0.0,0.0,0.0,0.0,0.0,0.0,0.0,,0.0,,,,,0.0,,RU,0.0,0.0,0.0,0.0,1.0,296,Norway,NOR,2016,9
2007,Case Management,Male,27--29,Adult,,,UA,,,,,,,,,,,,,,,,,,1.0,,1.0,0.0,0.0,0.0,0.0,0.0,0.0,,Forced labour,0.0,0.0,0.0,0.0,0.0,0.0,0.0,0.0,0.0,0.0,0.0,0.0,0.0,,0.0,,,,,0.0,,RU,0.0,0.0,0.0,0.0,1.0,297,Pakistan,PAK,2021,1310
2007,Case Management,Male,27--29,Adult,,,UA,,,,,,,,,,,,,,,,,,1.0,,1.0,0.0,0.0,0.0,0.0,0.0,0.0,,Forced labour,0.0,0.0,0.0,0.0,0.0,0.0,0.0,0.0,0.0,0.0,0.0,0.0,1.0,Not specified,0.0,,,,,0.0,,RU,0.0,0.0,0.0,0.0,1.0,298,Pakistan,PAK,2022,2170
2007,Case Management,Male,30--38,Adult,,,UA,,,,,,,,,,,,,,,,,,1.0,,1.0,0.0,0.0,0.0,0.0,0.0,0.0,,Forced labour,0.0,0.0,0.0,0.0,0.0,0.0,0.0,0.0,0.0,0.0,0.0,0.0,1.0,Not specified,0.0,,,,,0.0,,RU,0.0,0.0,0.0,0.0,1.0,299,Paraguay,PRY,2009,30
2007,Case Management,Male,30--38,Adult,,,UA,,,,,,,,,,,,,,,,,,1.0,,1.0,0.0,0.0,0.0,0.0,0.0,0.0,,Forced labour,0.0,0.0,0.0,0.0,0.0,0.0,0.0,0.0,0.0,0.0,0.0,0.0,0.0,,0.0,,,,,0.0,,RU,0.0,0.0,0.0,0.0,1.0,300,Paraguay,PRY,2013,5
2007,Case Management,Male,39--47,Adult,,,UA,,,,,,,,,,,,,,,,,,1.0,,1.0,0.0,0.0,0.0,0.0,0.0,0.0,,Forced labour,0.0,0.0,0.0,0.0,0.0,0.0,0.0,0.0,0.0,0.0,0.0,0.0,1.0,Not specified,0.0,,,,,0.0,,RU,0.0,0.0,0.0,0.0,1.0,301,Paraguay,PRY,2014,6
2007,Case Management,Male,39--47,Adult,,,UA,,,,,,,,,,,,,,,,,,1.0,,1.0,0.0,0.0,0.0,0.0,0.0,0.0,,Forced labour,0.0,0.0,0.0,0.0,0.0,0.0,0.0,0.0,0.0,0.0,0.0,0.0,0.0,,0.0,,,,,0.0,,RU,0.0,0.0,0.0,0.0,1.0,302,Paraguay,PRY,2016,13
2007,Case Management,Male,9--17,Minor,,,CI,,,,,,,,,,,,,,,,,,1.0,,,,,,,,,,,0.0,0.0,0.0,0.0,0.0,0.0,0.0,0.0,0.0,0.0,0.0,0.0,0.0,,0.0,,,,,0.0,,SN,0.0,0.0,0.0,0.0,1.0,303,Paraguay,PRY,2019,9
2007,Case Management,Male,9--17,Minor,Minor,Minor,GW,,,,,,,,,,,,,,,,,,1.0,,1.0,0.0,0.0,0.0,0.0,0.0,0.0,,Forced labour,0.0,0.0,1.0,0.0,0.0,0.0,0.0,0.0,0.0,0.0,0.0,0.0,0.0,Begging,0.0,,,,,0.0,,SN,0.0,0.0,0.0,0.0,1.0,304,Paraguay,PRY,2020,59
2007,Case Management,Male,9--17,Minor,,,GW,,,,,,,,,,,,,,,,,,1.0,,1.0,0.0,0.0,0.0,0.0,0.0,0.0,,Forced labour,0.0,0.0,1.0,0.0,0.0,0.0,0.0,0.0,0.0,0.0,0.0,0.0,0.0,Begging,0.0,,,,,0.0,,SN,0.0,0.0,0.0,0.0,1.0,305,Peru,PER,2009,25
2007,Case Management,Male,9--17,Minor,Minor,,GW,,,,,,,,,,,,,,,,,,1.0,,1.0,0.0,0.0,0.0,0.0,0.0,0.0,,Forced labour,0.0,0.0,1.0,0.0,0.0,0.0,0.0,0.0,0.0,0.0,0.0,0.0,0.0,Begging,0.0,,,,,0.0,,SN,0.0,0.0,0.0,0.0,1.0,306,Peru,PER,2010,107
2007,Case Management,Male,9--17,Minor,,Minor,GW,,,,,,,,,,,,,,,,,,1.0,,1.0,0.0,0.0,0.0,0.0,0.0,0.0,,Forced labour,0.0,0.0,1.0,0.0,0.0,0.0,0.0,0.0,0.0,0.0,0.0,0.0,0.0,Begging,0.0,,,,,0.0,,SN,0.0,0.0,0.0,0.0,1.0,307,Peru,PER,2011,26
2007,Case Management,Male,9--17,Minor,,,GW,,,,,,,,,,,,,,,,,,1.0,,,,,,,,,,,0.0,0.0,0.0,0.0,0.0,0.0,0.0,0.0,0.0,0.0,0.0,0.0,0.0,,0.0,,,,,0.0,,SN,0.0,0.0,0.0,0.0,1.0,308,Peru,PER,2014,21
2007,Case Management,Male,9--17,Minor,,,MD,,,,,,,,,,,,,,,,,,1.0,,,,,,,,,,,0.0,0.0,0.0,0.0,0.0,0.0,0.0,0.0,0.0,0.0,0.0,0.0,0.0,,0.0,,,,,0.0,,MD,0.0,0.0,0.0,0.0,1.0,309,Peru,PER,2015,92
2007,Case Management,Male,9--17,Minor,,,SN,,,,,,,,,,,,,,,,,,1.0,,,,,,,,,,,0.0,0.0,0.0,0.0,0.0,0.0,0.0,0.0,0.0,0.0,0.0,0.0,0.0,,0.0,,,,,0.0,,SN,0.0,0.0,0.0,0.0,1.0,310,Peru,PER,2016,67
2008,Case Management,Female,18--20,Adult,,,MD,,,,,,,,,,,,,,,,,,1.0,,,,,,,,,,,0.0,0.0,0.0,0.0,0.0,0.0,0.0,0.0,0.0,0.0,0.0,0.0,0.0,,0.0,,,,,0.0,,MD,0.0,0.0,0.0,0.0,1.0,311,Peru,PER,2017,16
2008,Case Management,Female,18--20,Adult,,,MD,,,,,,,,,,,,,,,,,,1.0,,,,,,,,,,,,,,,,,,,,,,,,,,,,,,,,MD,0.0,0.0,0.0,0.0,1.0,312,Peru,PER,2018,6
2008,Case Management,Female,18--20,Adult,,,RO,,,,,,,,,,,,,,,,,,1.0,,0.0,1.0,0.0,0.0,0.0,0.0,0.0,,Sexual exploitation,0.0,0.0,0.0,0.0,0.0,0.0,0.0,0.0,0.0,0.0,0.0,0.0,0.0,,0.0,,,,,0.0,,IT,0.0,0.0,0.0,0.0,1.0,313,Peru,PER,2019,146
2008,Case Management,Female,18--20,Adult,,,UA,,,,,,,,,,,,,,,,,,1.0,,,,,,,,,,,0.0,0.0,0.0,0.0,0.0,0.0,0.0,0.0,0.0,0.0,0.0,0.0,0.0,,0.0,,,,,0.0,,UA,0.0,0.0,0.0,0.0,1.0,314,Peru,PER,2020,137
2008,Case Management,Female,18--20,Adult,Minor,Minor,UA,,,,,1.0,1.0,1.0,,,,,,,,,,,0.0,Physical Abuse;Psychological abuse;Sexual abuse,,,,,,,,,,0.0,0.0,0.0,0.0,0.0,0.0,0.0,0.0,0.0,0.0,0.0,0.0,0.0,,0.0,,,,,0.0,,UA,0.0,0.0,0.0,0.0,1.0,315,Peru,PER,2021,43
2008,Case Management,Female,18--20,Adult,,,UA,,,,,,,,,,,,,,,,,,1.0,,,,,,,,,,,,,,,,,,,,,,,,,,,,,,,,UA,0.0,0.0,0.0,0.0,1.0,316,Peru,PER,2022,20
2008,Case Management,Female,18--20,Adult,Adult,Adult,UA,1.0,1.0,,1.0,1.0,1.0,1.0,1.0,1.0,1.0,1.0,1.0,,1.0,,1.0,,0.0,Debt bondage;Excessive working hours;False promises;Physical Abuse;Psychoactive substances;Psychological abuse;Restricts medical care;Restricts movement;Sexual abuse;Takes earnings;Threat of law enforcement;Threats;Withholds documents,,,,,,,,,,,,,,,,,,,,,,,,,,,,,,,UA,0.0,0.0,0.0,0.0,1.0,317,Philippines,PHL,2007,5
2008,Case Management,Female,18--20,Adult,Adult,Adult,UA,1.0,1.0,,1.0,1.0,1.0,1.0,1.0,,1.0,1.0,1.0,,1.0,,1.0,,0.0,Debt bondage;Excessive working hours;False promises;Physical Abuse;Psychological abuse;Restricts medical care;Restricts movement;Sexual abuse;Takes earnings;Threat of law enforcement;Threats;Withholds documents,,,,,,,,,,,,,,,,,,,,,,,,,,,,,,,UA,0.0,0.0,0.0,0.0,1.0,318,Philippines,PHL,2008,12
2008,Case Management,Female,18--20,Adult,Adult,Adult,UA,,,,1.0,1.0,,,1.0,1.0,1.0,,,,,1.0,1.0,,0.0,False promises;Psychoactive substances;Psychological abuse;Restricts movement;Threats;Withholds documents;Withholds necessities,,,,,,,,,,,,,,,,,,,,,,,,,,,,,,,UA,0.0,0.0,0.0,0.0,1.0,319,Philippines,PHL,2012,15
2008,Case Management,Female,21--23,Adult,Adult,Adult,BY,,,,,,,,,,,,,,,,,,1.0,,0.0,1.0,0.0,0.0,0.0,0.0,0.0,,Sexual exploitation,0.0,0.0,0.0,0.0,0.0,0.0,0.0,0.0,0.0,0.0,0.0,0.0,0.0,,,,,,,0.0,,RU,0.0,0.0,0.0,0.0,1.0,320,Philippines,PHL,2013,28
2008,Case Management,Female,21--23,Adult,Minor,Minor,BY,,,,,,,,,,,,,,,,,,1.0,,0.0,1.0,0.0,0.0,0.0,0.0,0.0,,Sexual exploitation,0.0,0.0,0.0,0.0,0.0,0.0,0.0,0.0,0.0,0.0,0.0,0.0,0.0,,,,,,,0.0,,RU,0.0,0.0,0.0,0.0,1.0,321,Philippines,PHL,2014,39
2008,Case Management,Female,21--23,Adult,Minor,Adult,BY,,,,,,,,,,,,,,,,,,1.0,,0.0,1.0,0.0,0.0,0.0,0.0,0.0,,Sexual exploitation,0.0,0.0,0.0,0.0,0.0,0.0,0.0,0.0,0.0,0.0,0.0,0.0,0.0,,,,,,,0.0,,RU,0.0,0.0,0.0,0.0,1.0,322,Philippines,PHL,2015,22
2008,Case Management,Female,21--23,Adult,,,MD,,,,,,,,,,,,,,,,,,1.0,,,,,,,,,,,0.0,0.0,0.0,0.0,0.0,0.0,0.0,0.0,0.0,0.0,0.0,0.0,0.0,,0.0,,,,,0.0,,MD,0.0,0.0,0.0,0.0,1.0,323,Philippines,PHL,2016,40
2008,Case Management,Female,21--23,Adult,,,MD,,,,,,,,,,,,,,,,,,1.0,,,,,,,,,,,,,,,,,,,,,,,,,,,,,,,,MD,0.0,0.0,0.0,0.0,1.0,324,Philippines,PHL,2021,52
2008,Case Management,Female,21--23,Adult,,,UA,,,,,,,,,,,,,,,,,,1.0,,,,,,,,,,,0.0,0.0,0.0,0.0,0.0,0.0,0.0,0.0,0.0,0.0,0.0,0.0,0.0,,0.0,,,,,0.0,,UA,0.0,0.0,0.0,0.0,1.0,325,Portugal,PRT,2019,5
2008,Case Management,Female,21--23,Adult,Adult,Adult,UA,1.0,1.0,,1.0,1.0,1.0,,1.0,,1.0,1.0,1.0,,,1.0,,,0.0,Debt bondage;Excessive working hours;False promises;Physical Abuse;Psychological abuse;Restricts medical care;Restricts movement;Takes earnings;Threats;Withholds necessities,,,,,,,,,,0.0,0.0,0.0,0.0,0.0,0.0,0.0,0.0,0.0,0.0,0.0,0.0,0.0,,,,,,,0.0,,UA,0.0,0.0,0.0,0.0,1.0,326,Portugal,PRT,2021,16
2008,Case Management,Female,21--23,Adult,Adult,Adult,UA,1.0,1.0,,1.0,1.0,,,1.0,,1.0,,1.0,,,,1.0,,0.0,Debt bondage;Excessive working hours;False promises;Psychological abuse;Restricts movement;Takes earnings;Threats;Withholds documents,,,,,,,,,,0.0,0.0,0.0,0.0,0.0,0.0,0.0,0.0,0.0,0.0,0.0,0.0,0.0,,,,,,,0.0,,UA,0.0,0.0,0.0,0.0,1.0,327,Portugal,PRT,2022,7
2008,Case Management,Female,21--23,Adult,Minor,Minor,UA,,1.0,,1.0,1.0,1.0,1.0,1.0,1.0,1.0,1.0,1.0,,1.0,,1.0,,0.0,Excessive working hours;False promises;Physical Abuse;Psychoactive substances;Psychological abuse;Restricts medical care;Restricts movement;Sexual abuse;Takes earnings;Threat of law enforcement;Threats;Withholds documents,,,,,,,,,,0.0,0.0,0.0,0.0,0.0,0.0,0.0,0.0,0.0,0.0,0.0,0.0,0.0,,,,,,,0.0,,UA,0.0,0.0,0.0,0.0,1.0,328,Qatar,QAT,2008,10
2008,Case Management,Female,21--23,Adult,Adult,Adult,UA,,1.0,,,1.0,1.0,1.0,1.0,1.0,1.0,1.0,1.0,,,,1.0,,0.0,Excessive working hours;False promises;Physical Abuse;Psychoactive substances;Psychological abuse;Restricts medical care;Restricts movement;Sexual abuse;Takes earnings;Withholds documents,,,,,,,,,,0.0,0.0,0.0,0.0,0.0,0.0,0.0,0.0,0.0,0.0,0.0,0.0,0.0,,,,,,,0.0,,UA,0.0,0.0,0.0,0.0,1.0,329,Romania,ROU,2007,37
2008,Case Management,Female,21--23,Adult,Adult,Adult,UA,,1.0,,1.0,1.0,1.0,1.0,1.0,,1.0,1.0,1.0,,,1.0,1.0,,0.0,Excessive working hours;False promises;Physical Abuse;Psychological abuse;Restricts medical care;Restricts movement;Sexual abuse;Takes earnings;Threats;Withholds documents;Withholds necessities,,,,,,,,,,0.0,0.0,0.0,0.0,0.0,0.0,0.0,0.0,0.0,0.0,0.0,0.0,0.0,,,,,,,0.0,,UA,0.0,0.0,0.0,0.0,1.0,330,Romania,ROU,2008,23
2008,Case Management,Female,21--23,Adult,Adult,Adult,UA,1.0,,,1.0,1.0,1.0,1.0,1.0,1.0,,1.0,1.0,,,1.0,1.0,,0.0,Debt bondage;Excessive working hours;False promises;Physical Abuse;Psychoactive substances;Psychological abuse;Restricts medical care;Sexual abuse;Threats;Withholds documents;Withholds necessities,,,,,,,,,,0.0,0.0,0.0,0.0,0.0,0.0,0.0,0.0,0.0,0.0,0.0,0.0,0.0,,,,,,,0.0,,UA,0.0,0.0,0.0,0.0,1.0,331,Romania,ROU,2009,32
2008,Case Management,Female,21--23,Adult,Adult,Adult,UA,1.0,1.0,,1.0,1.0,1.0,,1.0,,1.0,,1.0,,,,1.0,,0.0,Debt bondage;Excessive working hours;False promises;Physical Abuse;Psychological abuse;Restricts movement;Takes earnings;Threats;Withholds documents,,,,,,,,,,0.0,0.0,0.0,0.0,0.0,0.0,0.0,0.0,0.0,0.0,0.0,0.0,0.0,,,,,,,0.0,,UA,0.0,0.0,0.0,0.0,1.0,332,Romania,ROU,2010,37
2008,Case Management,Female,21--23,Adult,Adult,Adult,UA,1.0,1.0,,1.0,1.0,1.0,1.0,1.0,1.0,1.0,1.0,1.0,,,1.0,1.0,,0.0,Debt bondage;Excessive working hours;False promises;Physical Abuse;Psychoactive substances;Psychological abuse;Restricts medical care;Restricts movement;Sexual abuse;Takes earnings;Threats;Withholds documents;Withholds necessities,,,,,,,,,,0.0,0.0,0.0,0.0,0.0,0.0,0.0,0.0,0.0,0.0,0.0,0.0,0.0,,,,,,,0.0,,UA,0.0,0.0,0.0,0.0,1.0,333,Romania,ROU,2011,30
2008,Case Management,Female,21--23,Adult,Adult,Adult,UA,1.0,1.0,,1.0,1.0,1.0,1.0,1.0,,,1.0,1.0,,,1.0,1.0,,0.0,Debt bondage;Excessive working hours;False promises;Physical Abuse;Psychological abuse;Restricts medical care;Sexual abuse;Takes earnings;Threats;Withholds documents;Withholds necessities,,,,,,,,,,0.0,0.0,0.0,0.0,0.0,0.0,0.0,0.0,0.0,0.0,0.0,0.0,0.0,,,,,,,0.0,,UA,0.0,0.0,0.0,0.0,1.0,334,Romania,ROU,2012,43
2008,Case Management,Female,21--23,Adult,Adult,Adult,UA,1.0,,,1.0,1.0,1.0,1.0,1.0,1.0,,1.0,1.0,,,1.0,,,0.0,Debt bondage;Excessive working hours;False promises;Physical Abuse;Psychoactive substances;Psychological abuse;Restricts medical care;Sexual abuse;Threats;Withholds necessities,,,,,,,,,,0.0,0.0,0.0,0.0,0.0,0.0,0.0,0.0,0.0,0.0,0.0,0.0,0.0,,,,,,,0.0,,UA,0.0,0.0,0.0,0.0,1.0,335,Romania,ROU,2013,22
2008,Case Management,Female,21--23,Adult,Adult,Adult,UA,1.0,1.0,,1.0,,1.0,1.0,1.0,1.0,1.0,1.0,1.0,,,1.0,1.0,,0.0,Debt bondage;Excessive working hours;False promises;Physical Abuse;Psychoactive substances;Restricts medical care;Restricts movement;Sexual abuse;Takes earnings;Threats;Withholds documents;Withholds necessities,,,,,,,,,,0.0,0.0,0.0,0.0,0.0,0.0,0.0,0.0,0.0,0.0,0.0,0.0,0.0,,,,,,,0.0,,UA,0.0,0.0,0.0,0.0,1.0,336,Romania,ROU,2014,10
2008,Case Management,Female,21--23,Adult,Adult,Adult,UA,,1.0,,1.0,1.0,1.0,1.0,1.0,,1.0,1.0,,,,,1.0,,0.0,False promises;Physical Abuse;Psychological abuse;Restricts medical care;Restricts movement;Sexual abuse;Takes earnings;Threats;Withholds documents,,,,,,,,,,0.0,0.0,0.0,0.0,0.0,0.0,0.0,0.0,0.0,0.0,0.0,0.0,0.0,,,,,,,0.0,,UA,0.0,0.0,0.0,0.0,1.0,337,Romania,ROU,2015,40
2008,Case Management,Female,21--23,Adult,Adult,Adult,UA,1.0,1.0,,1.0,1.0,1.0,1.0,,1.0,1.0,1.0,1.0,,,,1.0,,0.0,Debt bondage;Excessive working hours;Physical Abuse;Psychoactive substances;Psychological abuse;Restricts medical care;Restricts movement;Sexual abuse;Takes earnings;Threats;Withholds documents,,,,,,,,,,0.0,0.0,0.0,0.0,0.0,0.0,0.0,0.0,0.0,0.0,0.0,0.0,0.0,,,,,,,0.0,,UA,0.0,0.0,0.0,0.0,1.0,338,Romania,ROU,2016,42
2008,Case Management,Female,21--23,Adult,Adult,Adult,UA,,1.0,,1.0,1.0,1.0,1.0,1.0,1.0,,1.0,1.0,,,1.0,1.0,,0.0,Excessive working hours;False promises;Physical Abuse;Psychoactive substances;Psychological abuse;Restricts medical care;Sexual abuse;Takes earnings;Threats;Withholds documents;Withholds necessities,,,,,,,,,,0.0,0.0,0.0,0.0,0.0,0.0,0.0,0.0,0.0,0.0,0.0,0.0,0.0,,,,,,,0.0,,UA,0.0,0.0,0.0,0.0,1.0,339,Romania,ROU,2017,82
2008,Case Management,Female,21--23,Adult,Adult,Adult,UA,,,,1.0,1.0,1.0,1.0,1.0,1.0,1.0,,,,1.0,,,,0.0,False promises;Physical Abuse;Psychoactive substances;Psychological abuse;Restricts movement;Sexual abuse;Threat of law enforcement;Threats,,,,,,,,,,0.0,0.0,0.0,0.0,0.0,0.0,0.0,0.0,0.0,0.0,0.0,0.0,0.0,,,,,,,0.0,,UA,0.0,0.0,0.0,0.0,1.0,340,Romania,ROU,2018,30
2008,Case Management,Female,21--23,Adult,Adult,Adult,UA,,,,,1.0,,,1.0,,1.0,,,,,,,,0.0,False promises;Psychological abuse;Restricts movement,,,,,,,,,,0.0,0.0,0.0,0.0,0.0,0.0,0.0,0.0,0.0,0.0,0.0,0.0,0.0,,,,,,,0.0,,UA,0.0,0.0,0.0,0.0,1.0,341,Romania,ROU,2019,39
2008,Case Management,Female,21--23,Adult,Adult,Adult,UA,,1.0,,1.0,1.0,,1.0,1.0,,1.0,1.0,1.0,,,,1.0,,0.0,Excessive working hours;False promises;Psychological abuse;Restricts medical care;Restricts movement;Sexual abuse;Takes earnings;Threats;Withholds documents,,,,,,,,,,0.0,0.0,0.0,0.0,0.0,0.0,0.0,0.0,0.0,0.0,0.0,0.0,0.0,,,,,,,0.0,,UA,0.0,0.0,0.0,0.0,1.0,342,Romania,ROU,2020,49
2008,Case Management,Female,21--23,Adult,Adult,Adult,UA,1.0,,,1.0,1.0,,1.0,1.0,,1.0,,1.0,,,,1.0,,0.0,Debt bondage;Excessive working hours;False promises;Psychological abuse;Restricts movement;Sexual abuse;Threats;Withholds documents,,,,,,,,,,0.0,0.0,0.0,0.0,0.0,0.0,0.0,0.0,0.0,0.0,0.0,0.0,0.0,,,,,,,0.0,,UA,0.0,0.0,0.0,0.0,1.0,343,Romania,ROU,2021,27
2008,Case Management,Female,21--23,Adult,Adult,Adult,UA,1.0,1.0,,1.0,1.0,,1.0,1.0,,1.0,,,,,,1.0,,0.0,Debt bondage;False promises;Psychological abuse;Restricts movement;Sexual abuse;Takes earnings;Threats;Withholds documents,,,,,,,,,,0.0,0.0,0.0,0.0,0.0,0.0,0.0,0.0,0.0,0.0,0.0,0.0,0.0,,,,,,,0.0,,UA,0.0,0.0,0.0,0.0,1.0,344,Romania,ROU,2022,39
2008,Case Management,Female,21--23,Adult,Adult,Adult,UA,,1.0,,1.0,,,1.0,,,,,,,,,,,0.0,Sexual abuse;Takes earnings;Threats,,,,,,,,,,0.0,0.0,0.0,0.0,0.0,0.0,0.0,0.0,0.0,0.0,0.0,0.0,0.0,,,,,,,0.0,,UA,0.0,0.0,0.0,0.0,1.0,345,Russia,RUS,2017,34
2008,Case Management,Female,21--23,Adult,Adult,Adult,UA,1.0,1.0,,1.0,1.0,1.0,,1.0,,1.0,1.0,1.0,,,1.0,1.0,,0.0,Debt bondage;Excessive working hours;False promises;Physical Abuse;Psychological abuse;Restricts medical care;Restricts movement;Takes earnings;Threats;Withholds documents;Withholds necessities,,,,,,,,,,0.0,0.0,0.0,0.0,0.0,0.0,0.0,0.0,0.0,0.0,0.0,0.0,0.0,,,,,,,0.0,,UA,0.0,0.0,0.0,0.0,1.0,346,Russia,RUS,2018,89
2008,Case Management,Female,21--23,Adult,Adult,Adult,UA,1.0,1.0,,1.0,1.0,1.0,1.0,1.0,,1.0,1.0,,,,,1.0,,0.0,Debt bondage;False promises;Physical Abuse;Psychological abuse;Restricts medical care;Restricts movement;Sexual abuse;Takes earnings;Threats;Withholds documents,,,,,,,,,,0.0,0.0,0.0,0.0,0.0,0.0,0.0,0.0,0.0,0.0,0.0,0.0,0.0,,,,,,,0.0,,UA,0.0,0.0,0.0,0.0,1.0,347,Russia,RUS,2019,44
2008,Case Management,Female,21--23,Adult,Adult,Adult,UA,,1.0,,1.0,1.0,1.0,1.0,1.0,,1.0,1.0,1.0,,,,1.0,,0.0,Excessive working hours;False promises;Physical Abuse;Psychological abuse;Restricts medical care;Restricts movement;Sexual abuse;Takes earnings;Threats;Withholds documents,,,,,,,,,,0.0,0.0,0.0,0.0,0.0,0.0,0.0,0.0,0.0,0.0,0.0,0.0,0.0,,,,,,,0.0,,UA,0.0,0.0,0.0,0.0,1.0,348,Russia,RUS,2020,53
2008,Case Management,Female,21--23,Adult,Adult,Adult,UA,1.0,1.0,,1.0,1.0,1.0,1.0,,1.0,1.0,1.0,1.0,,,1.0,1.0,,0.0,Debt bondage;Excessive working hours;Physical Abuse;Psychoactive substances;Psychological abuse;Restricts medical care;Restricts movement;Sexual abuse;Takes earnings;Threats;Withholds documents;Withholds necessities,,,,,,,,,,0.0,0.0,0.0,0.0,0.0,0.0,0.0,0.0,0.0,0.0,0.0,0.0,0.0,,,,,,,0.0,,UA,0.0,0.0,0.0,0.0,1.0,349,Serbia,SRB,2007,16
2008,Case Management,Female,21--23,Adult,Adult,Adult,UA,1.0,,,1.0,1.0,1.0,,1.0,,1.0,1.0,1.0,,,1.0,,,0.0,Debt bondage;Excessive working hours;False promises;Physical Abuse;Psychological abuse;Restricts medical care;Restricts movement;Threats;Withholds necessities,,,,,,,,,,0.0,0.0,0.0,0.0,0.0,0.0,0.0,0.0,0.0,0.0,0.0,0.0,0.0,,,,,,,0.0,,UA,0.0,0.0,0.0,0.0,1.0,350,Serbia,SRB,2008,9
2008,Case Management,Female,21--23,Adult,Adult,Adult,UA,,,,1.0,1.0,1.0,,1.0,,1.0,,1.0,,,,,,0.0,Excessive working hours;False promises;Physical Abuse;Psychological abuse;Restricts movement;Threats,,,,,,,,,,0.0,0.0,0.0,0.0,0.0,0.0,0.0,0.0,0.0,0.0,0.0,0.0,0.0,,,,,,,0.0,,UA,0.0,0.0,0.0,0.0,1.0,351,Serbia,SRB,2009,15
2008,Case Management,Female,21--23,Adult,Adult,Adult,UA,1.0,1.0,,1.0,1.0,1.0,,1.0,,1.0,,1.0,,,,,,0.0,Debt bondage;Excessive working hours;False promises;Physical Abuse;Psychological abuse;Restricts movement;Takes earnings;Threats,,,,,,,,,,0.0,0.0,0.0,0.0,0.0,0.0,0.0,0.0,0.0,0.0,0.0,0.0,0.0,,,,,,,0.0,,UA,0.0,0.0,0.0,0.0,1.0,352,Serbia,SRB,2010,5
2008,Case Management,Female,21--23,Adult,,,UA,,,,,,,,,,,,,,,,,,1.0,,,,,,,,,,,,,,,,,,,,,,,,,,,,,,,,UA,0.0,0.0,0.0,0.0,1.0,353,Serbia,SRB,2011,6
2008,Case Management,Female,21--23,Adult,Adult,Adult,UA,1.0,1.0,,1.0,1.0,1.0,1.0,1.0,1.0,1.0,1.0,1.0,,1.0,,1.0,,0.0,Debt bondage;Excessive working hours;False promises;Physical Abuse;Psychoactive substances;Psychological abuse;Restricts medical care;Restricts movement;Sexual abuse;Takes earnings;Threat of law enforcement;Threats;Withholds documents,,,,,,,,,,,,,,,,,,,,,,,,,,,,,,,UA,0.0,0.0,0.0,0.0,1.0,354,Serbia,SRB,2012,6
2008,Case Management,Female,21--23,Adult,Adult,,UA,1.0,1.0,,,1.0,,,1.0,,1.0,,,,,,1.0,,0.0,Debt bondage;False promises;Psychological abuse;Restricts movement;Takes earnings;Withholds documents,,,,,,,,,,,,,,,,,,,,,,,,,,,,,,,UA,0.0,0.0,0.0,0.0,1.0,355,Serbia,SRB,2013,5
2008,Case Management,Female,24--26,Adult,,,MD,,,,,,,,,,,,,,,,,,1.0,,,,,,,,,,,,,,,,,,,,,,,,,,,,,,,,MD,0.0,0.0,0.0,0.0,1.0,356,Serbia,SRB,2022,5
2008,Case Management,Female,24--26,Adult,,,UA,,,,,,,,,,,,,,,,,,1.0,,,,,,,,,,,0.0,0.0,0.0,0.0,0.0,0.0,0.0,0.0,0.0,0.0,0.0,0.0,0.0,,0.0,,,,,0.0,,UA,0.0,0.0,0.0,0.0,1.0,357,Sierra Leone,SLE,2019,7
2008,Case Management,Female,24--26,Adult,Adult,Adult,UA,1.0,,,,1.0,1.0,,,,1.0,,,,1.0,1.0,1.0,,0.0,Debt bondage;Physical Abuse;Psychological abuse;Restricts movement;Threat of law enforcement;Withholds documents;Withholds necessities,,,,,,,,,,0.0,0.0,0.0,0.0,0.0,0.0,0.0,0.0,0.0,0.0,0.0,0.0,0.0,,0.0,,,,,0.0,,UA,0.0,0.0,0.0,0.0,1.0,358,Sierra Leone,SLE,2020,9
2008,Case Management,Female,24--26,Adult,Adult,Adult,UA,1.0,,,1.0,,1.0,,1.0,,1.0,,,,,,,,0.0,Debt bondage;False promises;Physical Abuse;Restricts movement;Threats,,,,,,,,,,0.0,0.0,0.0,0.0,0.0,0.0,0.0,0.0,0.0,0.0,0.0,0.0,0.0,,0.0,,,,,0.0,,UA,0.0,0.0,0.0,0.0,1.0,359,Sierra Leone,SLE,2021,23
2008,Case Management,Female,24--26,Adult,Adult,Adult,UA,1.0,1.0,,,1.0,1.0,1.0,1.0,,,,,,1.0,,,,0.0,Debt bondage;False promises;Physical Abuse;Psychological abuse;Sexual abuse;Takes earnings;Threat of law enforcement;Withholds documents,,,,,,,,,,0.0,0.0,0.0,0.0,0.0,0.0,0.0,0.0,0.0,0.0,0.0,0.0,0.0,,0.0,,,,,0.0,,UA,0.0,0.0,0.0,0.0,1.0,360,Sierra Leone,SLE,2022,27
2008,Case Management,Female,24--26,Adult,Adult,Adult,UA,1.0,,,1.0,1.0,1.0,1.0,1.0,1.0,,1.0,1.0,,,1.0,,,0.0,Debt bondage;Excessive working hours;False promises;Physical Abuse;Psychoactive substances;Psychological abuse;Restricts medical care;Sexual abuse;Threats;Withholds necessities,,,,,,,,,,0.0,0.0,0.0,0.0,0.0,0.0,0.0,0.0,0.0,0.0,0.0,0.0,0.0,,,,,,,0.0,,UA,0.0,0.0,0.0,0.0,1.0,361,Slovakia,SVK,2016,5
2008,Case Management,Female,24--26,Adult,Adult,Adult,UA,1.0,,,1.0,1.0,1.0,1.0,,,,,,,1.0,,1.0,,0.0,Debt bondage;Physical Abuse;Psychological abuse;Sexual abuse;Threat of law enforcement;Threats;Withholds documents,,,,,,,,,,0.0,0.0,0.0,0.0,0.0,0.0,0.0,0.0,0.0,0.0,0.0,0.0,0.0,,,,,,,0.0,,UA,0.0,0.0,0.0,0.0,1.0,362,South Africa,ZAF,2018,5
2008,Case Management,Female,24--26,Adult,Adult,Adult,UA,1.0,,,1.0,,1.0,1.0,1.0,,1.0,,1.0,,,,,,0.0,Debt bondage;Excessive working hours;False promises;Physical Abuse;Restricts movement;Sexual abuse;Threats,,,,,,,,,,0.0,0.0,0.0,0.0,0.0,0.0,0.0,0.0,0.0,0.0,0.0,0.0,0.0,,,,,,,0.0,,UA,0.0,0.0,0.0,0.0,1.0,363,South Africa,ZAF,2022,5
2008,Case Management,Female,24--26,Adult,Adult,Adult,UA,,1.0,,1.0,1.0,1.0,,1.0,,1.0,,1.0,,,,1.0,,0.0,Excessive working hours;False promises;Physical Abuse;Psychological abuse;Restricts movement;Takes earnings;Threats;Withholds documents,,,,,,,,,,0.0,0.0,0.0,0.0,0.0,0.0,0.0,0.0,0.0,0.0,0.0,0.0,0.0,,,,,,,0.0,,UA,0.0,0.0,0.0,0.0,1.0,364,Spain,ESP,2018,11
2008,Case Management,Female,24--26,Adult,Adult,Adult,UA,,1.0,,1.0,1.0,1.0,1.0,1.0,,1.0,1.0,1.0,,,,1.0,,0.0,Excessive working hours;False promises;Physical Abuse;Psychological abuse;Restricts medical care;Restricts movement;Sexual abuse;Takes earnings;Threats;Withholds documents,,,,,,,,,,0.0,0.0,0.0,0.0,0.0,0.0,0.0,0.0,0.0,0.0,0.0,0.0,0.0,,,,,,,0.0,,UA,0.0,0.0,0.0,0.0,1.0,365,Spain,ESP,2019,7
2008,Case Management,Female,24--26,Adult,Adult,Adult,UA,1.0,1.0,,1.0,1.0,1.0,1.0,1.0,,1.0,1.0,1.0,,1.0,1.0,1.0,,0.0,Debt bondage;Excessive working hours;False promises;Physical Abuse;Psychological abuse;Restricts medical care;Restricts movement;Sexual abuse;Takes earnings;Threat of law enforcement;Threats;Withholds documents;Withholds necessities,,,,,,,,,,0.0,0.0,0.0,0.0,0.0,0.0,0.0,0.0,0.0,0.0,0.0,0.0,0.0,,,,,,,0.0,,UA,0.0,0.0,0.0,0.0,1.0,366,Spain,ESP,2022,9
2008,Case Management,Female,24--26,Adult,Adult,Adult,UA,,1.0,,1.0,1.0,,1.0,1.0,,1.0,1.0,1.0,,1.0,1.0,1.0,,0.0,Excessive working hours;False promises;Psychological abuse;Restricts medical care;Restricts movement;Sexual abuse;Takes earnings;Threat of law enforcement;Threats;Withholds documents;Withholds necessities,,,,,,,,,,0.0,0.0,0.0,0.0,0.0,0.0,0.0,0.0,0.0,0.0,0.0,0.0,0.0,,,,,,,0.0,,UA,0.0,0.0,0.0,0.0,1.0,367,Sudan,SDN,2018,17
2008,Case Management,Female,24--26,Adult,Adult,Adult,UA,1.0,1.0,,1.0,,1.0,,1.0,,1.0,1.0,,,,1.0,1.0,,0.0,Debt bondage;False promises;Physical Abuse;Restricts medical care;Restricts movement;Takes earnings;Threats;Withholds documents;Withholds necessities,,,,,,,,,,0.0,0.0,0.0,0.0,0.0,0.0,0.0,0.0,0.0,0.0,0.0,0.0,0.0,,,,,,,0.0,,UA,0.0,0.0,0.0,0.0,1.0,368,Sweden,SWE,2021,12
2008,Case Management,Female,24--26,Adult,Adult,Adult,UA,1.0,1.0,,1.0,1.0,1.0,1.0,1.0,1.0,1.0,,1.0,,,,1.0,,0.0,Debt bondage;Excessive working hours;False promises;Physical Abuse;Psychoactive substances;Psychological abuse;Restricts movement;Sexual abuse;Takes earnings;Threats;Withholds documents,,,,,,,,,,0.0,0.0,0.0,0.0,0.0,0.0,0.0,0.0,0.0,0.0,0.0,0.0,0.0,,,,,,,0.0,,UA,0.0,0.0,0.0,0.0,1.0,369,Sweden,SWE,2022,16
2008,Case Management,Female,24--26,Adult,Adult,Adult,UA,1.0,1.0,,1.0,1.0,1.0,1.0,1.0,,,,,,,,1.0,,0.0,Debt bondage;False promises;Physical Abuse;Psychological abuse;Sexual abuse;Takes earnings;Threats;Withholds documents,,,,,,,,,,0.0,0.0,0.0,0.0,0.0,0.0,0.0,0.0,0.0,0.0,0.0,0.0,0.0,,,,,,,0.0,,UA,0.0,0.0,0.0,0.0,1.0,370,Switzerland,CHE,2018,6
2008,Case Management,Female,24--26,Adult,Adult,Adult,UA,1.0,1.0,,1.0,1.0,1.0,1.0,,,1.0,1.0,1.0,,,,1.0,,0.0,Debt bondage;Excessive working hours;False promises;Physical Abuse;Psychological abuse;Restricts medical care;Restricts movement;Sexual abuse;Takes earnings;Threats;Withholds documents,,,,,,,,,,0.0,0.0,0.0,0.0,0.0,0.0,0.0,0.0,0.0,0.0,0.0,0.0,0.0,,,,,,,0.0,,UA,0.0,0.0,0.0,0.0,1.0,371,Tajikistan,TJK,2007,7
2008,Case Management,Female,24--26,Adult,Adult,Adult,UA,1.0,1.0,,1.0,,1.0,1.0,1.0,1.0,1.0,,1.0,,,1.0,1.0,,0.0,Debt bondage;Excessive working hours;False promises;Physical Abuse;Psychoactive substances;Restricts movement;Sexual abuse;Takes earnings;Threats;Withholds documents;Withholds necessities,,,,,,,,,,0.0,0.0,0.0,0.0,0.0,0.0,0.0,0.0,0.0,0.0,0.0,0.0,0.0,,,,,,,0.0,,UA,0.0,0.0,0.0,0.0,1.0,372,Tajikistan,TJK,2009,5
2008,Case Management,Female,24--26,Adult,Adult,Adult,UA,,1.0,,,1.0,,1.0,1.0,1.0,,1.0,1.0,,,,1.0,,0.0,Excessive working hours;False promises;Psychoactive substances;Psychological abuse;Restricts medical care;Sexual abuse;Takes earnings;Withholds documents,,,,,,,,,,0.0,0.0,0.0,0.0,0.0,0.0,0.0,0.0,0.0,0.0,0.0,0.0,0.0,,,,,,,0.0,,UA,0.0,0.0,0.0,0.0,1.0,373,Tajikistan,TJK,2010,5
2008,Case Management,Female,24--26,Adult,,Adult,UA,1.0,,,,,,,1.0,,,,1.0,,,,1.0,,0.0,Debt bondage;Excessive working hours;False promises;Withholds documents,,,,,,,,,,0.0,0.0,0.0,0.0,0.0,0.0,0.0,0.0,0.0,0.0,0.0,0.0,0.0,,,,,,,0.0,,UA,0.0,0.0,0.0,0.0,1.0,374,Tajikistan,TJK,2014,6
2008,Case Management,Female,24--26,Adult,Adult,Adult,UA,,,,,1.0,1.0,1.0,1.0,,1.0,1.0,1.0,,,,1.0,,0.0,Excessive working hours;False promises;Physical Abuse;Psychological abuse;Restricts medical care;Restricts movement;Sexual abuse;Withholds documents,,,,,,,,,,0.0,0.0,0.0,0.0,0.0,0.0,0.0,0.0,0.0,0.0,0.0,0.0,0.0,,,,,,,0.0,,UA,0.0,0.0,0.0,0.0,1.0,375,Tajikistan,TJK,2015,6
2008,Case Management,Female,24--26,Adult,Adult,Adult,UA,,,,1.0,1.0,1.0,1.0,1.0,1.0,1.0,,,,,,,,0.0,False promises;Physical Abuse;Psychoactive substances;Psychological abuse;Restricts movement;Sexual abuse;Threats,,,,,,,,,,0.0,0.0,0.0,0.0,0.0,0.0,0.0,0.0,0.0,0.0,0.0,0.0,0.0,,,,,,,0.0,,UA,0.0,0.0,0.0,0.0,1.0,376,Tajikistan,TJK,2016,5
2008,Case Management,Female,24--26,Adult,Adult,Adult,UA,1.0,1.0,,1.0,1.0,1.0,1.0,1.0,,1.0,1.0,1.0,,,1.0,1.0,,0.0,Debt bondage;Excessive working hours;False promises;Physical Abuse;Psychological abuse;Restricts medical care;Restricts movement;Sexual abuse;Takes earnings;Threats;Withholds documents;Withholds necessities,,,,,,,,,,0.0,0.0,0.0,0.0,0.0,0.0,0.0,0.0,0.0,0.0,0.0,0.0,0.0,,,,,,,0.0,,UA,0.0,0.0,0.0,0.0,1.0,377,Tajikistan,TJK,2017,5
2008,Case Management,Female,24--26,Adult,,,UA,,,,,,,,,,,,,,,,,,1.0,,,,,,,,,,,,,,,,,,,,,,,,,,,,,,,,UA,0.0,0.0,0.0,0.0,1.0,378,Tajikistan,TJK,2018,5
2008,Case Management,Female,24--26,Adult,Adult,Adult,UA,1.0,1.0,,1.0,1.0,1.0,1.0,1.0,,1.0,1.0,1.0,,1.0,1.0,1.0,,0.0,Debt bondage;Excessive working hours;False promises;Physical Abuse;Psychological abuse;Restricts medical care;Restricts movement;Sexual abuse;Takes earnings;Threat of law enforcement;Threats;Withholds documents;Withholds necessities,,,,,,,,,,,,,,,,,,,,,,,,,,,,,,,UA,0.0,0.0,0.0,0.0,1.0,379,Tajikistan,TJK,2019,5
2008,Case Management,Female,24--26,Adult,Adult,Adult,UA,,,,,1.0,,1.0,1.0,,,,,,,,,,0.0,False promises;Psychological abuse;Sexual abuse,,,,,,,,,,,,,,,,,,,,,,,,,,,,,,,UA,0.0,0.0,0.0,0.0,1.0,380,Tanzania,TZA,2019,64
2008,Case Management,Female,24--26,Adult,Adult,Adult,UA,1.0,1.0,,1.0,1.0,1.0,1.0,1.0,1.0,1.0,1.0,1.0,,,,1.0,,0.0,Debt bondage;Excessive working hours;False promises;Physical Abuse;Psychoactive substances;Psychological abuse;Restricts medical care;Restricts movement;Sexual abuse;Takes earnings;Threats;Withholds documents,,,,,,,,,,,,,,,,,,,,,,,,,,,,,,,UA,0.0,0.0,0.0,0.0,1.0,381,Tanzania,TZA,2020,43
2008,Case Management,Female,24--26,Adult,Adult,Adult,UA,,,,1.0,,1.0,1.0,,,1.0,,,,1.0,,,,0.0,Physical Abuse;Restricts movement;Sexual abuse;Threat of law enforcement;Threats,,,,,,,,,,,,,,,,,,,,,,,,,,,,,,,UA,0.0,0.0,0.0,0.0,1.0,382,Tanzania,TZA,2021,44
2008,Case Management,Female,24--26,Adult,Adult,Adult,UA,1.0,1.0,,1.0,1.0,1.0,1.0,1.0,,1.0,,1.0,,,,1.0,,0.0,Debt bondage;Excessive working hours;False promises;Physical Abuse;Psychological abuse;Restricts movement;Sexual abuse;Takes earnings;Threats;Withholds documents,,,,,,,,,,,,,,,,,,,,,,,,,,,,,,,UA,0.0,0.0,0.0,0.0,1.0,383,Tanzania,TZA,2022,26
2008,Case Management,Female,24--26,Adult,,,UA,,,,,,,,1.0,,,,,,,,,,0.0,False promises,,,,,,,,,,,,,,,,,,,,,,,,,,,,,,,UA,0.0,0.0,0.0,0.0,1.0,384,Thailand,THA,2012,141
2008,Case Management,Female,24--26,Adult,Adult,Adult,UA,1.0,1.0,,1.0,1.0,1.0,1.0,,,1.0,1.0,1.0,,1.0,1.0,1.0,,0.0,Debt bondage;Excessive working hours;False promises;Physical Abuse;Psychological abuse;Restricts medical care;Restricts movement;Sexual abuse;Takes earnings;Threat of law enforcement;Threats;Withholds documents;Withholds necessities,,,,,,,,,,,,,,,,,,,,,,,,,,,,,,,UA,0.0,0.0,0.0,0.0,1.0,385,Thailand,THA,2013,107
2008,Case Management,Female,27--29,Adult,,,MD,,,,,,,,,,,,,,,,,,1.0,,,,,,,,,,,,,,,,,,,,,,,,,,,,,,,,MD,0.0,0.0,0.0,0.0,1.0,386,Thailand,THA,2014,57
2008,Case Management,Female,27--29,Adult,Adult,Adult,UA,1.0,1.0,,1.0,1.0,,,1.0,,1.0,1.0,1.0,,,1.0,1.0,,0.0,Debt bondage;Excessive working hours;False promises;Psychological abuse;Restricts medical care;Restricts movement;Takes earnings;Threats;Withholds documents;Withholds necessities,1.0,,,,,,,,,1.0,0.0,0.0,0.0,0.0,0.0,0.0,0.0,0.0,0.0,0.0,0.0,0.0,Agriculture,0.0,,,,,0.0,,UA,0.0,0.0,0.0,0.0,1.0,387,Thailand,THA,2015,169
2008,Case Management,Female,27--29,Adult,Adult,Adult,UA,,1.0,,1.0,1.0,1.0,,1.0,,1.0,1.0,1.0,,,,1.0,,0.0,Excessive working hours;False promises;Physical Abuse;Psychological abuse;Restricts medical care;Restricts movement;Takes earnings;Threats;Withholds documents,1.0,,,,,,,,,1.0,0.0,0.0,0.0,0.0,0.0,0.0,0.0,0.0,0.0,0.0,0.0,0.0,Agriculture,0.0,,,,,0.0,,UA,0.0,0.0,0.0,0.0,1.0,388,Thailand,THA,2016,42
2008,Case Management,Female,27--29,Adult,Adult,Adult,UA,1.0,1.0,,1.0,1.0,1.0,,1.0,,1.0,1.0,1.0,,1.0,1.0,,,0.0,Debt bondage;Excessive working hours;False promises;Physical Abuse;Psychological abuse;Restricts medical care;Restricts movement;Takes earnings;Threat of law enforcement;Threats;Withholds necessities,1.0,,,,,,,,,1.0,0.0,0.0,0.0,0.0,0.0,0.0,0.0,0.0,0.0,0.0,0.0,0.0,Agriculture,0.0,,,,,0.0,,UA,0.0,0.0,0.0,0.0,1.0,389,Thailand,THA,2017,49
2008,Case Management,Female,27--29,Adult,Adult,Adult,UA,1.0,1.0,,1.0,1.0,,,1.0,,1.0,1.0,1.0,,,,1.0,,0.0,Debt bondage;Excessive working hours;False promises;Psychological abuse;Restricts medical care;Restricts movement;Takes earnings;Threats;Withholds documents,1.0,,,,,,,,,1.0,0.0,0.0,0.0,0.0,0.0,0.0,0.0,0.0,0.0,0.0,0.0,0.0,Agriculture,0.0,,,,,0.0,,UA,0.0,0.0,0.0,0.0,1.0,390,Thailand,THA,2018,48
2008,Case Management,Female,27--29,Adult,Adult,Adult,UA,,1.0,,,,1.0,,1.0,,1.0,1.0,1.0,,,,1.0,,0.0,Excessive working hours;False promises;Physical Abuse;Restricts medical care;Restricts movement;Takes earnings;Withholds documents,1.0,,,,,,,,,1.0,0.0,0.0,0.0,0.0,0.0,0.0,0.0,0.0,0.0,0.0,0.0,0.0,Agriculture,0.0,,,,,0.0,,UA,0.0,0.0,0.0,0.0,1.0,391,Thailand,THA,2019,135
2008,Case Management,Female,27--29,Adult,Adult,Adult,UA,,1.0,,1.0,1.0,,,1.0,,1.0,1.0,1.0,,,,1.0,,0.0,Excessive working hours;False promises;Psychological abuse;Restricts medical care;Restricts movement;Takes earnings;Threats;Withholds documents,1.0,,,,,,,,,1.0,0.0,0.0,0.0,0.0,0.0,0.0,0.0,0.0,0.0,0.0,0.0,0.0,Agriculture,0.0,,,,,0.0,,UA,0.0,0.0,0.0,0.0,1.0,392,Thailand,THA,2020,13
2008,Case Management,Female,27--29,Adult,Adult,Adult,UA,,1.0,,1.0,1.0,1.0,1.0,1.0,,1.0,,1.0,,,,1.0,,0.0,Excessive working hours;False promises;Physical Abuse;Psychological abuse;Restricts movement;Sexual abuse;Takes earnings;Threats;Withholds documents,1.0,,,,,,,,,1.0,0.0,0.0,0.0,0.0,0.0,0.0,0.0,0.0,0.0,0.0,0.0,0.0,Agriculture,0.0,,,,,0.0,,UA,0.0,0.0,0.0,0.0,1.0,393,Thailand,THA,2021,13
2008,Case Management,Female,27--29,Adult,Adult,Adult,UA,1.0,1.0,,1.0,1.0,1.0,,1.0,,1.0,1.0,,,,1.0,1.0,,0.0,Debt bondage;False promises;Physical Abuse;Psychological abuse;Restricts medical care;Restricts movement;Takes earnings;Threats;Withholds documents;Withholds necessities,1.0,,,,,,,,,1.0,0.0,0.0,0.0,0.0,0.0,0.0,0.0,0.0,0.0,0.0,0.0,0.0,Agriculture,0.0,,,,,0.0,,UA,0.0,0.0,0.0,0.0,1.0,394,Thailand,THA,2022,30
2008,Case Management,Female,27--29,Adult,Adult,Adult,UA,,,,1.0,1.0,,,1.0,,1.0,,1.0,,,,,,0.0,Excessive working hours;False promises;Psychological abuse;Restricts movement;Threats,1.0,,,,,,,,,1.0,0.0,0.0,0.0,0.0,0.0,0.0,0.0,0.0,0.0,0.0,0.0,0.0,Agriculture,0.0,,,,,0.0,,UA,0.0,0.0,0.0,0.0,1.0,395,Togo,TGO,2007,144
2008,Case Management,Female,27--29,Adult,Adult,Adult,UA,0.0,1.0,,1.0,1.0,1.0,,1.0,,1.0,1.0,1.0,,,1.0,1.0,,0.0,Debt bondage;Excessive working hours;False promises;Physical Abuse;Psychological abuse;Restricts medical care;Restricts movement;Takes earnings;Threats;Withholds documents;Withholds necessities,1.0,,,,,,,,,1.0,0.0,0.0,0.0,0.0,0.0,0.0,0.0,0.0,0.0,0.0,0.0,0.0,Agriculture,0.0,,,,,0.0,,UA,0.0,0.0,0.0,0.0,1.0,396,Togo,TGO,2008,213
2008,Case Management,Female,27--29,Adult,Adult,Adult,UA,,,,,1.0,1.0,1.0,1.0,,1.0,,1.0,,,,,,0.0,Excessive working hours;False promises;Physical Abuse;Psychological abuse;Restricts movement;Sexual abuse,1.0,,,,,,,,,1.0,0.0,0.0,0.0,0.0,0.0,0.0,0.0,0.0,0.0,0.0,0.0,0.0,Agriculture,0.0,,,,,0.0,,UA,0.0,0.0,0.0,0.0,1.0,397,Togo,TGO,2009,203
2008,Case Management,Female,27--29,Adult,Adult,Adult,UA,,1.0,,1.0,1.0,1.0,1.0,1.0,,1.0,1.0,1.0,,,,,,0.0,Excessive working hours;False promises;Physical Abuse;Psychological abuse;Restricts medical care;Restricts movement;Sexual abuse;Takes earnings;Threats,1.0,,,,,,,,,1.0,0.0,0.0,0.0,0.0,0.0,0.0,0.0,0.0,0.0,0.0,0.0,0.0,Agriculture,0.0,,,,,0.0,,UA,0.0,0.0,0.0,0.0,1.0,398,Togo,TGO,2010,155
2008,Case Management,Female,27--29,Adult,Adult,Adult,UA,,,,,1.0,1.0,,1.0,,,,,,,,,,0.0,False promises;Physical Abuse;Psychological abuse;Threats,1.0,,,,,,,,,1.0,0.0,0.0,0.0,0.0,0.0,0.0,0.0,0.0,0.0,0.0,0.0,0.0,Agriculture,0.0,,,,,0.0,,UA,0.0,0.0,0.0,0.0,1.0,399,Togo,TGO,2011,90
2008,Case Management,Female,27--29,Adult,Adult,Adult,UA,,1.0,,,1.0,1.0,,1.0,,1.0,1.0,1.0,,,,1.0,,0.0,Excessive working hours;False promises;Physical Abuse;Psychological abuse;Restricts medical care;Restricts movement;Takes earnings;Withholds documents,1.0,,,,,,,,,1.0,0.0,0.0,0.0,0.0,0.0,0.0,0.0,0.0,0.0,0.0,0.0,0.0,Agriculture,0.0,,,,,0.0,,UA,0.0,0.0,0.0,0.0,1.0,400,Togo,TGO,2019,11
2008,Case Management,Female,27--29,Adult,,,UA,,,,,,,,,,,,,,,,,,1.0,,,,,,,,,,,0.0,0.0,0.0,0.0,0.0,0.0,0.0,0.0,0.0,0.0,0.0,0.0,0.0,,0.0,,,,,0.0,,UA,0.0,0.0,0.0,0.0,1.0,401,Togo,TGO,2020,13
2008,Case Management,Female,27--29,Adult,,,UA,,,,,,,,,,,,,,,,,,1.0,,,,,,,,,,,,,,,,,,,,,,,,,,,,,,,,UA,0.0,0.0,0.0,0.0,1.0,402,Togo,TGO,2021,21
2008,Case Management,Female,27--29,Adult,Adult,Adult,UA,1.0,1.0,,1.0,1.0,1.0,1.0,1.0,,1.0,1.0,1.0,,1.0,1.0,1.0,,0.0,Debt bondage;Excessive working hours;False promises;Physical Abuse;Psychological abuse;Restricts medical care;Restricts movement;Sexual abuse;Takes earnings;Threat of law enforcement;Threats;Withholds documents;Withholds necessities,,,,,,,,,,,,,,,,,,,,,,,,,,,,,,,UA,0.0,0.0,0.0,0.0,1.0,403,Trinidad and Tobago,TTO,2019,17
2008,Case Management,Female,27--29,Adult,Adult,Adult,UA,1.0,1.0,,,1.0,1.0,1.0,1.0,1.0,1.0,,,,,,1.0,,0.0,Debt bondage;False promises;Physical Abuse;Psychoactive substances;Psychological abuse;Restricts movement;Sexual abuse;Takes earnings;Withholds documents,,,,,,,,,,,,,,,,,,,,,,,,,,,,,,,UA,0.0,0.0,0.0,0.0,1.0,404,Tunisia,TUN,2016,72
2008,Case Management,Female,27--29,Adult,Adult,Adult,UA,,,,1.0,1.0,1.0,1.0,1.0,1.0,1.0,1.0,,,,1.0,,,0.0,False promises;Physical Abuse;Psychoactive substances;Psychological abuse;Restricts medical care;Restricts movement;Sexual abuse;Threats;Withholds necessities,,,,,,,,,,,,,,,,,,,,,,,,,,,,,,,UA,0.0,0.0,0.0,0.0,1.0,405,Tunisia,TUN,2017,160
2008,Case Management,Female,27--29,Adult,Adult,Adult,UA,1.0,1.0,,1.0,1.0,,,,,1.0,,,,,,1.0,,0.0,Debt bondage;Psychological abuse;Restricts movement;Takes earnings;Threats;Withholds documents,,,,,,,,,,,,,,,,,,,,,,,,,,,,,,,UA,0.0,0.0,0.0,0.0,1.0,406,Tunisia,TUN,2018,95
2008,Case Management,Female,27--29,Adult,Adult,Adult,UA,1.0,1.0,,1.0,1.0,1.0,1.0,1.0,1.0,1.0,1.0,1.0,,1.0,,1.0,,0.0,Debt bondage;Excessive working hours;False promises;Physical Abuse;Psychoactive substances;Psychological abuse;Restricts medical care;Restricts movement;Sexual abuse;Takes earnings;Threat of law enforcement;Threats;Withholds documents,,,,,,,,,,,,,,,,,,,,,,,,,,,,,,,UA,0.0,0.0,0.0,0.0,1.0,407,Tunisia,TUN,2019,151
2008,Case Management,Female,27--29,Adult,Adult,Adult,UA,1.0,1.0,,,1.0,1.0,1.0,1.0,,1.0,1.0,1.0,,1.0,1.0,1.0,,0.0,Debt bondage;Excessive working hours;False promises;Physical Abuse;Psychological abuse;Restricts medical care;Restricts movement;Sexual abuse;Takes earnings;Threat of law enforcement;Withholds documents;Withholds necessities,,,,,,,,,,,,,,,,,,,,,,,,,,,,,,,UA,0.0,0.0,0.0,0.0,1.0,408,Tunisia,TUN,2020,44
2008,Case Management,Female,30--38,Adult,,,MD,,,,,,,,,,,,,,,,,,1.0,,,,,,,,,,,,,,,,,,,,,,,,,,,,,,,,MD,0.0,0.0,0.0,0.0,1.0,409,Tunisia,TUN,2022,174
2008,Case Management,Female,30--38,Adult,Adult,Adult,UA,,1.0,,1.0,1.0,1.0,,1.0,,1.0,,1.0,,,,,,0.0,Excessive working hours;False promises;Physical Abuse;Psychological abuse;Restricts movement;Takes earnings;Threats,1.0,,,,,,,,,1.0,0.0,0.0,0.0,0.0,0.0,0.0,0.0,0.0,0.0,0.0,0.0,0.0,Agriculture,0.0,,,,,0.0,,UA,0.0,0.0,0.0,0.0,1.0,410,Turkey,TUR,2015,17
2008,Case Management,Female,30--38,Adult,Adult,Adult,UA,,1.0,,1.0,1.0,1.0,,1.0,,1.0,,1.0,,,,1.0,,0.0,Excessive working hours;False promises;Physical Abuse;Psychological abuse;Restricts movement;Takes earnings;Threats;Withholds documents,1.0,,,,,,,,,1.0,0.0,0.0,0.0,0.0,0.0,0.0,0.0,0.0,0.0,0.0,0.0,0.0,Agriculture,0.0,,,,,0.0,,UA,0.0,0.0,0.0,0.0,1.0,411,Turkey,TUR,2017,80
2008,Case Management,Female,30--38,Adult,Adult,Adult,UA,1.0,1.0,,1.0,1.0,1.0,,1.0,,1.0,1.0,1.0,,1.0,1.0,,,0.0,Debt bondage;Excessive working hours;False promises;Physical Abuse;Psychological abuse;Restricts medical care;Restricts movement;Takes earnings;Threat of law enforcement;Threats;Withholds necessities,1.0,,,,,,,,,1.0,0.0,0.0,0.0,0.0,0.0,0.0,0.0,0.0,0.0,0.0,0.0,0.0,Agriculture,0.0,,,,,0.0,,UA,0.0,0.0,0.0,0.0,1.0,412,Turkey,TUR,2019,8
2008,Case Management,Female,30--38,Adult,Adult,,UA,1.0,1.0,,1.0,1.0,1.0,1.0,1.0,,1.0,,,,1.0,,1.0,,0.0,Debt bondage;False promises;Physical Abuse;Psychological abuse;Restricts movement;Sexual abuse;Takes earnings;Threat of law enforcement;Threats;Withholds documents,1.0,,,,,,,,,1.0,0.0,0.0,0.0,0.0,0.0,0.0,0.0,0.0,0.0,0.0,0.0,0.0,Agriculture,0.0,,,,,0.0,,UA,0.0,0.0,0.0,0.0,1.0,413,Turkey,TUR,2020,162
2008,Case Management,Female,30--38,Adult,Adult,Adult,UA,1.0,,,1.0,1.0,1.0,,1.0,,1.0,,1.0,,,,1.0,,0.0,Debt bondage;Excessive working hours;False promises;Physical Abuse;Psychological abuse;Restricts movement;Threats;Withholds documents,1.0,,,,,,,,,1.0,0.0,0.0,0.0,0.0,0.0,0.0,0.0,0.0,0.0,0.0,0.0,0.0,Agriculture,0.0,,,,,0.0,,UA,0.0,0.0,0.0,0.0,1.0,414,Turkey,TUR,2021,50
2008,Case Management,Female,30--38,Adult,Adult,Adult,UA,,1.0,,1.0,,1.0,,1.0,,1.0,,1.0,,,,,,0.0,Excessive working hours;False promises;Physical Abuse;Restricts movement;Takes earnings;Threats,1.0,,,,,,,,,1.0,0.0,0.0,0.0,0.0,0.0,0.0,0.0,0.0,0.0,0.0,0.0,0.0,Agriculture,0.0,,,,,0.0,,UA,0.0,0.0,0.0,0.0,1.0,415,Turkey,TUR,2022,25
2008,Case Management,Female,30--38,Adult,Adult,Adult,UA,,1.0,,1.0,1.0,1.0,,1.0,,1.0,1.0,,,,,,,0.0,False promises;Physical Abuse;Psychological abuse;Restricts medical care;Restricts movement;Takes earnings;Threats,1.0,,,,,,,,,1.0,0.0,0.0,0.0,0.0,0.0,0.0,0.0,0.0,0.0,0.0,0.0,0.0,Agriculture,0.0,,,,,0.0,,UA,0.0,0.0,0.0,0.0,1.0,416,Uganda,UGA,2013,236
2008,Case Management,Female,30--38,Adult,Adult,Adult,UA,,1.0,,1.0,,1.0,1.0,1.0,,1.0,1.0,1.0,,,,,,0.0,Excessive working hours;False promises;Physical Abuse;Restricts medical care;Restricts movement;Sexual abuse;Takes earnings;Threats,1.0,,,,,,,,,1.0,0.0,0.0,0.0,0.0,0.0,0.0,0.0,0.0,0.0,0.0,0.0,0.0,Agriculture,0.0,,,,,0.0,,UA,0.0,0.0,0.0,0.0,1.0,417,Uganda,UGA,2017,41
2008,Case Management,Female,30--38,Adult,Adult,Adult,UA,,1.0,,1.0,1.0,1.0,,1.0,,1.0,1.0,1.0,,,,1.0,,0.0,Excessive working hours;False promises;Physical Abuse;Psychological abuse;Restricts medical care;Restricts movement;Takes earnings;Threats;Withholds documents,1.0,,,,,,,,,1.0,0.0,0.0,0.0,0.0,0.0,0.0,0.0,0.0,0.0,0.0,0.0,0.0,Agriculture,0.0,,,,,0.0,,UA,0.0,0.0,0.0,0.0,1.0,418,Uganda,UGA,2018,49
2008,Case Management,Female,30--38,Adult,Adult,Adult,UA,,1.0,,1.0,1.0,1.0,,,,1.0,1.0,1.0,,,,1.0,,0.0,Excessive working hours;Physical Abuse;Psychological abuse;Restricts medical care;Restricts movement;Takes earnings;Threats;Withholds documents,1.0,,,,,,,,,1.0,0.0,0.0,0.0,0.0,0.0,0.0,0.0,0.0,0.0,0.0,0.0,0.0,Agriculture,0.0,,,,,0.0,,UA,0.0,0.0,0.0,0.0,1.0,419,Uganda,UGA,2020,35
2008,Case Management,Female,30--38,Adult,Adult,Adult,UA,1.0,1.0,,1.0,1.0,1.0,,1.0,,1.0,1.0,1.0,,,,1.0,,0.0,Debt bondage;Excessive working hours;False promises;Physical Abuse;Psychological abuse;Restricts medical care;Restricts movement;Takes earnings;Threats;Withholds documents,1.0,,,,,,,,,1.0,0.0,0.0,0.0,0.0,0.0,0.0,0.0,0.0,0.0,0.0,0.0,0.0,Agriculture,0.0,,,,,0.0,,UA,0.0,0.0,0.0,0.0,1.0,420,Uganda,UGA,2021,85
2008,Case Management,Female,30--38,Adult,Adult,Adult,UA,1.0,1.0,,1.0,,1.0,,1.0,,1.0,,1.0,,,,1.0,,0.0,Debt bondage;Excessive working hours;False promises;Physical Abuse;Restricts movement;Takes earnings;Threats;Withholds documents,1.0,,,,,,,,,1.0,0.0,0.0,0.0,0.0,0.0,0.0,0.0,0.0,0.0,0.0,0.0,0.0,Agriculture,0.0,,,,,0.0,,UA,0.0,0.0,0.0,0.0,1.0,421,Uganda,UGA,2022,227
2008,Case Management,Female,30--38,Adult,Adult,Adult,UA,,1.0,,1.0,1.0,1.0,,1.0,,,,1.0,,,,1.0,,0.0,Excessive working hours;False promises;Physical Abuse;Psychological abuse;Restricts movement;Takes earnings;Threats;Withholds documents,1.0,,,,,,,,,1.0,0.0,0.0,0.0,0.0,0.0,0.0,0.0,0.0,0.0,0.0,0.0,0.0,Agriculture,0.0,,,,,0.0,,UA,0.0,0.0,0.0,0.0,1.0,422,Ukraine,UKR,2015,5
2008,Case Management,Female,30--38,Adult,,,UA,,,,,,,,,,,,,,,,,,1.0,,,,,,,,,,,0.0,0.0,0.0,0.0,0.0,0.0,0.0,0.0,0.0,0.0,0.0,0.0,0.0,,0.0,,,,,0.0,,UA,0.0,0.0,0.0,0.0,1.0,423,United Kingdom,GBR,2009,60
2008,Case Management,Female,30--38,Adult,Adult,Adult,UA,1.0,,,,,,,,,1.0,,,,,,,,0.0,Debt bondage;Restricts movement,,,,,,,,,,0.0,0.0,0.0,0.0,0.0,0.0,0.0,0.0,0.0,0.0,0.0,0.0,0.0,,0.0,,,,,0.0,,UA,0.0,0.0,0.0,0.0,1.0,424,United Kingdom,GBR,2010,18
2008,Case Management,Female,30--38,Adult,,,UA,,,,,,,,,,,,,,,,,,1.0,,,,,,,,,,,,,,,,,,,,,,,,,,,,,,,,UA,0.0,0.0,0.0,0.0,1.0,425,United Kingdom,GBR,2011,56
2008,Case Management,Female,30--38,Adult,Adult,Adult,UA,1.0,1.0,,1.0,1.0,1.0,1.0,1.0,1.0,1.0,,1.0,,1.0,,1.0,,0.0,Debt bondage;Excessive working hours;False promises;Physical Abuse;Psychoactive substances;Psychological abuse;Restricts movement;Sexual abuse;Takes earnings;Threat of law enforcement;Threats;Withholds documents,,,,,,,,,,,,,,,,,,,,,,,,,,,,,,,UA,0.0,0.0,0.0,0.0,1.0,426,United Kingdom,GBR,2012,42
2008,Case Management,Female,30--38,Adult,Adult,Adult,UA,1.0,1.0,,1.0,1.0,1.0,1.0,1.0,1.0,1.0,1.0,1.0,,1.0,,1.0,,0.0,Debt bondage;Excessive working hours;False promises;Physical Abuse;Psychoactive substances;Psychological abuse;Restricts medical care;Restricts movement;Sexual abuse;Takes earnings;Threat of law enforcement;Threats;Withholds documents,,,,,,,,,,,,,,,,,,,,,,,,,,,,,,,UA,0.0,0.0,0.0,0.0,1.0,427,United Kingdom,GBR,2013,44
2008,Case Management,Female,30--38,Adult,Adult,Adult,UA,,1.0,,1.0,1.0,1.0,1.0,1.0,1.0,1.0,1.0,,,1.0,,1.0,,0.0,False promises;Physical Abuse;Psychoactive substances;Psychological abuse;Restricts medical care;Restricts movement;Sexual abuse;Takes earnings;Threat of law enforcement;Threats;Withholds documents,,,,,,,,,,,,,,,,,,,,,,,,,,,,,,,UA,0.0,0.0,0.0,0.0,1.0,428,United Kingdom,GBR,2014,52
2008,Case Management,Female,39--47,Adult,,,MD,,,,,,,,,,,,,,,,,,1.0,,,,,,,,,,,,,,,,,,,,,,,,,,,,,,,,MD,0.0,0.0,0.0,0.0,1.0,429,United Kingdom,GBR,2015,41
2008,Case Management,Female,39--47,Adult,,,UA,,,,,,,,,,,,,,,,,,1.0,,,,,,,,,,,,,,,,,,,,,,,,,,,,,,,,UA,0.0,0.0,0.0,0.0,1.0,430,United Kingdom,GBR,2016,39
2008,Case Management,Female,9--17,Minor,,,MD,,,,,,,,,,,,,,,,,,1.0,,,,,,,,,,,0.0,0.0,0.0,0.0,0.0,0.0,0.0,0.0,0.0,0.0,0.0,0.0,0.0,,0.0,,,,,0.0,,MD,0.0,0.0,0.0,0.0,1.0,431,United Kingdom,GBR,2017,1304
2008,Case Management,Female,9--17,Minor,,,MD,,,,,,,,,,,,,,,,,,1.0,,,,,,,,,,,,,,,,,,,,,,,,,,,,,,,,MD,0.0,0.0,0.0,0.0,1.0,432,United Kingdom,GBR,2018,2248
2008,Case Management,Female,9--17,Minor,,,SL,,,,,,,,,,,,,,,,,,1.0,,,,,,,,,,,0.0,0.0,0.0,0.0,0.0,0.0,0.0,0.0,0.0,0.0,0.0,0.0,0.0,,0.0,,,,,0.0,,SL,0.0,0.0,0.0,0.0,1.0,433,United Kingdom,GBR,2019,3470
2008,Case Management,Male,0--8,Minor,,,MD,,,,,,,,,,,,,,,,,,1.0,,,,,,,,,,,,,,,,,,,,,,,,,,,,,,,,MD,0.0,0.0,0.0,0.0,1.0,434,United Kingdom,GBR,2020,3843
2008,Case Management,Male,30--38,Adult,Adult,Adult,KG,0.0,1.0,,1.0,1.0,1.0,,1.0,,1.0,1.0,1.0,,1.0,1.0,1.0,,0.0,Debt bondage;Excessive working hours;False promises;Physical Abuse;Psychoactive substances;Psychological abuse;Restricts medical care;Restricts movement;Sexual abuse;Takes earnings;Threat of law enforcement;Threats;Withholds documents;Withholds necessities,1.0,0.0,0.0,0.0,0.0,0.0,0.0,,Forced labour,0.0,0.0,0.0,1.0,0.0,0.0,0.0,0.0,0.0,0.0,0.0,0.0,0.0,Construction,0.0,,,,,0.0,,KZ,0.0,0.0,0.0,0.0,1.0,435,United Kingdom,GBR,2021,4314
2008,Case Management,Male,30--38,Adult,Adult,Adult,KG,0.0,1.0,,1.0,1.0,1.0,0.0,1.0,0.0,1.0,1.0,1.0,,1.0,1.0,1.0,,0.0,Debt bondage;Excessive working hours;False promises;Physical Abuse;Psychoactive substances;Psychological abuse;Restricts medical care;Restricts movement;Sexual abuse;Takes earnings;Threat of law enforcement;Threats;Withholds documents;Withholds necessities,1.0,0.0,0.0,0.0,0.0,0.0,0.0,,Forced labour,0.0,0.0,0.0,1.0,0.0,0.0,0.0,0.0,0.0,0.0,0.0,0.0,0.0,Construction,0.0,,,,,0.0,,KZ,0.0,0.0,0.0,0.0,1.0,436,United States,USA,2010,38
2008,Case Management,Male,30--38,Adult,Adult,Adult,KG,,,,1.0,1.0,1.0,,1.0,,1.0,1.0,1.0,,,1.0,1.0,,0.0,Excessive working hours;False promises;Physical Abuse;Psychological abuse;Restricts medical care;Restricts movement;Threats;Withholds documents;Withholds necessities,1.0,0.0,0.0,0.0,0.0,0.0,0.0,,Forced labour,0.0,0.0,0.0,1.0,0.0,0.0,0.0,0.0,0.0,0.0,0.0,0.0,0.0,Construction,0.0,,,,,0.0,,KZ,0.0,0.0,0.0,0.0,1.0,437,United States,USA,2011,41
2008,Case Management,Male,30--38,Adult,Adult,Adult,KG,,1.0,,1.0,1.0,1.0,0.0,1.0,,1.0,1.0,1.0,,1.0,1.0,1.0,,0.0,Debt bondage;Excessive working hours;False promises;Physical Abuse;Psychoactive substances;Psychological abuse;Restricts medical care;Restricts movement;Sexual abuse;Takes earnings;Threat of law enforcement;Threats;Withholds documents;Withholds necessities,1.0,0.0,0.0,0.0,0.0,0.0,0.0,,Forced labour,0.0,0.0,0.0,1.0,0.0,0.0,0.0,0.0,0.0,0.0,0.0,0.0,0.0,Construction,0.0,,,,,0.0,,KZ,0.0,0.0,0.0,0.0,1.0,438,United States,USA,2012,63
2008,Case Management,Male,30--38,Adult,Adult,Adult,KG,1.0,,,1.0,1.0,1.0,,1.0,,1.0,1.0,,,1.0,1.0,1.0,,0.0,Debt bondage;False promises;Physical Abuse;Psychological abuse;Restricts medical care;Restricts movement;Threat of law enforcement;Threats;Withholds documents;Withholds necessities,1.0,0.0,0.0,0.0,0.0,0.0,0.0,,Forced labour,0.0,0.0,0.0,1.0,0.0,0.0,0.0,0.0,0.0,0.0,0.0,0.0,0.0,Construction,0.0,,,,,0.0,,KZ,0.0,0.0,0.0,0.0,1.0,439,United States,USA,2013,43
2008,Case Management,Male,30--38,Adult,Adult,Adult,KG,,,,1.0,1.0,1.0,,1.0,,1.0,1.0,1.0,,1.0,1.0,,,0.0,Excessive working hours;False promises;Physical Abuse;Psychological abuse;Restricts medical care;Restricts movement;Threat of law enforcement;Threats;Withholds necessities,1.0,0.0,0.0,0.0,0.0,0.0,0.0,,Forced labour,0.0,0.0,0.0,1.0,0.0,0.0,0.0,0.0,0.0,0.0,0.0,0.0,0.0,Construction,0.0,,,,,0.0,,KZ,0.0,0.0,0.0,0.0,1.0,440,United States,USA,2014,55
2008,Case Management,Male,30--38,Adult,Adult,Adult,KG,1.0,1.0,,1.0,1.0,1.0,0.0,1.0,,1.0,1.0,1.0,,1.0,1.0,1.0,,0.0,Debt bondage;Excessive working hours;False promises;Physical Abuse;Psychoactive substances;Psychological abuse;Restricts medical care;Restricts movement;Sexual abuse;Takes earnings;Threat of law enforcement;Threats;Withholds documents;Withholds necessities,1.0,0.0,0.0,0.0,0.0,0.0,0.0,,Forced labour,0.0,0.0,0.0,1.0,0.0,0.0,0.0,0.0,0.0,0.0,0.0,0.0,0.0,Construction,0.0,,,,,0.0,,KZ,0.0,0.0,0.0,0.0,1.0,441,United States,USA,2015,65
2008,Case Management,Male,30--38,Adult,Adult,Adult,KG,,,,1.0,1.0,1.0,,1.0,,1.0,1.0,1.0,,1.0,1.0,1.0,,0.0,Excessive working hours;False promises;Physical Abuse;Psychological abuse;Restricts medical care;Restricts movement;Threat of law enforcement;Threats;Withholds documents;Withholds necessities,1.0,0.0,0.0,0.0,0.0,0.0,0.0,,Forced labour,0.0,0.0,0.0,1.0,0.0,0.0,0.0,0.0,0.0,0.0,0.0,0.0,0.0,Construction,0.0,,,,,0.0,,KZ,0.0,0.0,0.0,0.0,1.0,442,United States,USA,2016,83
2008,Case Management,Male,30--38,Adult,Adult,Adult,KG,,1.0,,1.0,1.0,1.0,,1.0,,1.0,1.0,1.0,,1.0,1.0,0.0,,0.0,Debt bondage;Excessive working hours;False promises;Physical Abuse;Psychoactive substances;Psychological abuse;Restricts medical care;Restricts movement;Sexual abuse;Takes earnings;Threat of law enforcement;Threats;Withholds documents;Withholds necessities,1.0,0.0,0.0,0.0,0.0,0.0,0.0,,Forced labour,0.0,0.0,0.0,1.0,0.0,0.0,0.0,0.0,0.0,0.0,0.0,0.0,0.0,Construction,0.0,,,,,0.0,,KZ,0.0,0.0,0.0,0.0,1.0,443,United States,USA,2017,146
2008,Case Management,Male,30--38,Adult,Adult,Adult,UA,,1.0,,1.0,1.0,1.0,,,,1.0,,1.0,,,,1.0,,0.0,Excessive working hours;Physical Abuse;Psychological abuse;Restricts movement;Takes earnings;Threats;Withholds documents,1.0,,,,,,,,,0.0,0.0,0.0,1.0,0.0,0.0,0.0,0.0,0.0,0.0,0.0,0.0,0.0,Construction,0.0,,,,,0.0,,UA,0.0,0.0,0.0,0.0,1.0,444,United States,USA,2018,192
2008,Case Management,Male,30--38,Adult,Adult,Adult,UA,,,,,1.0,,,1.0,,,1.0,,,,,1.0,,0.0,False promises;Psychological abuse;Restricts medical care;Withholds documents,1.0,,,,,,,,,0.0,0.0,0.0,1.0,0.0,0.0,0.0,0.0,0.0,0.0,0.0,0.0,0.0,Construction,0.0,,,,,0.0,,UA,0.0,0.0,0.0,0.0,1.0,445,United States,USA,2019,188
2008,Case Management,Male,30--38,Adult,Adult,Adult,UA,,,,,1.0,,,1.0,,1.0,,1.0,,,,1.0,1.0,0.0,Excessive working hours;False promises;Other;Psychological abuse;Restricts movement;Withholds documents,1.0,,,,,,,,,0.0,0.0,0.0,1.0,0.0,0.0,0.0,0.0,0.0,0.0,0.0,0.0,0.0,Construction,0.0,,,,,0.0,,UA,0.0,0.0,0.0,0.0,1.0,446,United States,USA,2020,264
2008,Case Management,Male,30--38,Adult,Adult,Adult,UA,,1.0,,,1.0,1.0,,1.0,,1.0,1.0,1.0,,,,1.0,,0.0,Excessive working hours;False promises;Physical Abuse;Psychological abuse;Restricts medical care;Restricts movement;Takes earnings;Withholds documents,1.0,,,,,,,,,0.0,0.0,0.0,1.0,0.0,0.0,0.0,0.0,0.0,0.0,0.0,0.0,0.0,Construction,0.0,,,,,0.0,,UA,0.0,0.0,0.0,0.0,1.0,447,United States,USA,2021,409
2008,Case Management,Male,30--38,Adult,Adult,Adult,UA,1.0,1.0,,1.0,1.0,1.0,,1.0,,1.0,1.0,1.0,,1.0,1.0,1.0,,0.0,Debt bondage;Excessive working hours;False promises;Physical Abuse;Psychological abuse;Restricts medical care;Restricts movement;Takes earnings;Threat of law enforcement;Threats;Withholds documents;Withholds necessities,1.0,,,,,,,,,0.0,0.0,0.0,1.0,0.0,0.0,0.0,0.0,0.0,0.0,0.0,0.0,0.0,Construction,0.0,,,,,0.0,,UA,0.0,0.0,0.0,0.0,1.0,448,United States,USA,2022,657
2008,Case Management,Male,30--38,Adult,Adult,Adult,UA,1.0,1.0,,,1.0,,,1.0,,1.0,,1.0,,,,1.0,,0.0,Debt bondage;Excessive working hours;False promises;Psychological abuse;Restricts movement;Takes earnings;Withholds documents,1.0,,,,,,,,,0.0,0.0,0.0,1.0,0.0,0.0,0.0,0.0,0.0,0.0,0.0,0.0,0.0,Construction,0.0,,,,,0.0,,UA,0.0,0.0,0.0,0.0,1.0,449,Uzbekistan,UZB,2012,15
2008,Case Management,Male,30--38,Adult,Adult,Adult,UA,,1.0,,1.0,,1.0,,1.0,1.0,1.0,1.0,,,,1.0,,,0.0,False promises;Physical Abuse;Psychoactive substances;Restricts medical care;Restricts movement;Takes earnings;Threats;Withholds necessities,1.0,,,,,,,,,0.0,0.0,0.0,1.0,0.0,0.0,0.0,0.0,0.0,0.0,0.0,0.0,0.0,Construction,0.0,,,,,0.0,,UA,0.0,0.0,0.0,0.0,1.0,450,Uzbekistan,UZB,2013,30
2008,Case Management,Male,30--38,Adult,Adult,Adult,UA,,1.0,,1.0,,1.0,,1.0,,1.0,,,,,,1.0,,0.0,False promises;Physical Abuse;Restricts movement;Takes earnings;Threats;Withholds documents,1.0,,,,,,,,,0.0,0.0,0.0,1.0,0.0,0.0,0.0,0.0,0.0,0.0,0.0,0.0,0.0,Construction,0.0,,,,,0.0,,UA,0.0,0.0,0.0,0.0,1.0,451,Uzbekistan,UZB,2014,25
2008,Case Management,Male,30--38,Adult,Adult,Adult,UA,,1.0,,,1.0,1.0,,1.0,,1.0,,,,,,1.0,,0.0,False promises;Physical Abuse;Psychological abuse;Restricts movement;Takes earnings;Withholds documents,1.0,,,,,,,,,0.0,0.0,0.0,1.0,0.0,0.0,0.0,0.0,0.0,0.0,0.0,0.0,0.0,Construction,0.0,,,,,0.0,,UA,0.0,0.0,0.0,0.0,1.0,452,Uzbekistan,UZB,2015,27
2008,Case Management,Male,30--38,Adult,Adult,,UA,,1.0,,1.0,1.0,1.0,,1.0,,1.0,,1.0,,1.0,,1.0,,0.0,Excessive working hours;False promises;Physical Abuse;Psychological abuse;Restricts movement;Takes earnings;Threat of law enforcement;Threats;Withholds documents,1.0,,,,,,,,,0.0,0.0,0.0,1.0,0.0,0.0,0.0,0.0,0.0,0.0,0.0,0.0,0.0,Construction,0.0,,,,,0.0,,UA,0.0,0.0,0.0,0.0,1.0,453,Uzbekistan,UZB,2016,34
2008,Case Management,Male,30--38,Adult,Adult,Adult,UA,,1.0,,1.0,1.0,,,1.0,,1.0,1.0,1.0,,,,1.0,,0.0,Excessive working hours;False promises;Psychological abuse;Restricts medical care;Restricts movement;Takes earnings;Threats;Withholds documents,1.0,,,,,,,,,0.0,0.0,0.0,1.0,0.0,0.0,0.0,0.0,0.0,0.0,0.0,0.0,0.0,Construction,0.0,,,,,0.0,,UA,0.0,0.0,0.0,0.0,1.0,454,Uzbekistan,UZB,2017,11
2008,Case Management,Male,30--38,Adult,Adult,Adult,UA,,1.0,,,,1.0,,1.0,,,,1.0,,,1.0,,,0.0,Excessive working hours;False promises;Physical Abuse;Takes earnings;Withholds necessities,1.0,,,,,,,,,0.0,0.0,0.0,1.0,0.0,0.0,0.0,0.0,0.0,0.0,0.0,0.0,0.0,Construction,0.0,,,,,0.0,,UA,0.0,0.0,0.0,0.0,1.0,455,Uzbekistan,UZB,2018,17
2008,Case Management,Male,30--38,Adult,,,UA,,,,,,,,,,,,,,,,,,1.0,,,,,,,,,,,,,,,,,,,,,,,,,,,,,,,,UA,0.0,0.0,0.0,0.0,1.0,456,Uzbekistan,UZB,2019,23
2008,Case Management,Male,39--47,Adult,,,UA,,,,,,,,,,,,,,,,,,1.0,,,,,,,,,,,,,,,,,,,,,,,,,,,,,,,,UA,0.0,0.0,0.0,0.0,1.0,457,Uzbekistan,UZB,2020,15
2008,Case Management,Male,9--17,Minor,Minor,Minor,GN,,,,,,,,,,,,,,,,,,1.0,,0.0,0.0,0.0,0.0,0.0,0.0,0.0,,,0.0,0.0,0.0,0.0,0.0,0.0,0.0,0.0,0.0,0.0,0.0,0.0,0.0,,0.0,,,,,0.0,,SN,0.0,0.0,0.0,0.0,1.0,458,Uzbekistan,UZB,2021,20
2008,Case Management,Male,9--17,Minor,,Minor,GN,,,,,,,,,,,,,,,,,,1.0,,0.0,0.0,0.0,0.0,0.0,0.0,0.0,,,0.0,0.0,0.0,0.0,0.0,0.0,0.0,0.0,0.0,0.0,0.0,0.0,0.0,,0.0,,,,,0.0,,SN,0.0,0.0,0.0,0.0,1.0,459,Uzbekistan,UZB,2022,13
2008,Case Management,Male,9--17,Minor,,,MD,,,,,,,,,,,,,,,,,,1.0,,,,,,,,,,,,,,,,,,,,,,,,,,,,,,,,MD,0.0,0.0,0.0,0.0,1.0,460,Venezuela,VEN,2011,9
2008,Case Management,Male,9--17,Minor,,,SL,,,,,,,,,,,,,,,,,,1.0,,,,,,,,,,,0.0,0.0,0.0,0.0,0.0,0.0,0.0,0.0,0.0,0.0,0.0,0.0,0.0,,0.0,,,,,0.0,,SL,0.0,0.0,0.0,0.0,1.0,461,Venezuela,VEN,2012,5
2008,Case Management,Male,9--17,Minor,,,SN,,,,,,,,,,,,,,,,,,1.0,,1.0,0.0,0.0,0.0,0.0,0.0,0.0,,Forced labour,0.0,0.0,1.0,0.0,0.0,0.0,0.0,0.0,0.0,0.0,0.0,0.0,0.0,Begging,0.0,,,,,0.0,,SN,0.0,0.0,0.0,0.0,1.0,462,Venezuela,VEN,2021,17
2008,Case Management,Male,9--17,Minor,Minor,Minor,SN,,,,,,,,,,,,,,,,,,1.0,,1.0,0.0,0.0,0.0,0.0,0.0,0.0,,Forced labour,0.0,0.0,1.0,0.0,0.0,0.0,0.0,0.0,0.0,0.0,0.0,0.0,0.0,Begging,0.0,,,,,0.0,,SN,0.0,0.0,0.0,0.0,1.0,463,Venezuela,VEN,2022,8
